OrderID,OrderDate,CustomerID,ProductID,Quantity,UnitPrice,Sales,Profit
B-04.2014-01-0001,4/2/2014,UMUM,R-0625,6,1045,6270,1710
B-04.2014-01-0001,4/2/2014,UMUM,R-0528,8,279,2232,608
B-04.2014-01-0001,4/2/2014,UMUM,AI-0354,6,162,972,234
B-04.2014-01-0001,4/2/2014,UMUM,130100291-1,2,355,710,120
B-04.2014-09-0001,4/21/2014,UMUM,R-4027,10,2904,29040,7920
B-04.2014-09-0002,4/22/2014,UMUM,R-1297,10,11495,114950,31350
B-04.2014-09-0002,4/22/2014,UMUM,R-1442,10,1489,14890,4060
B-04.2014-09-0002,4/22/2014,UMUM,R-4547,1,69300,69300,18900
B-04.2014-09-0002,4/22/2014,UMUM,R-1346,1,1326,1326,362
B-04.2014-09-0002,4/22/2014,UMUM,AI-1338,1,202206,202206,55147
B-04.2014-09-0002,4/22/2014,UMUM,R-4496,2,550,1100,300
B-04.2014-09-0003,4/23/2014,UMUM,AI-0075,3,351,1053,288
B-04.2014-09-0003,4/23/2014,UMUM,AI-0050,2,138,276,76
B-04.2014-09-0003,4/23/2014,UMUM,R-1203,15,84,1260,345
B-04.2014-09-0004,4/23/2014,UMUM,R-4027,10,2904,29040,7920
B-04.2014-09-0005,4/22/2014,UMUM,R-0696,1,20350,20350,5550
B-04.2014-09-0006,4/22/2014,UMUM,R-4496,1,550,550,150
B-04.2014-09-0006,4/22/2014,UMUM,AI-1157,1,875,875,239
B-04.2014-09-0006,4/22/2014,UMUM,AI-0903,1,29374,29374,8011
B-04.2014-09-0006,4/22/2014,UMUM,AI-0418,1,20900,20900,5700
B-04.2014-09-0007,4/23/2014,UMUM,R-2280,1,60328,60328,16453
B-04.2014-09-0007,4/23/2014,UMUM,R-1442,5,1489,7445,2030
B-04.2014-09-0007,4/23/2014,UMUM,AI-1019,5,1866,9330,2545
B-04.2014-09-0007,4/23/2014,UMUM,AI-0771,5,686,3430,935
B-04.2014-09-0008,4/23/2014,UMUM,R-0618,3,8729,26187,7143
B-04.2014-09-0009,4/23/2014,UMUM,R-0073,1,3708,3708,1011
B-04.2014-09-0010,4/23/2014,UMUM,R-0340,10,11979,119790,32670
B-04.2014-09-0010,4/23/2014,UMUM,R-1442,15,1489,22335,6090
B-04.2014-09-0010,4/23/2014,UMUM,R-1877,10,1183,11830,3230
B-04.2014-09-0010,4/23/2014,UMUM,R-1512,30,3135,94050,25650
B-04.2014-09-0010,4/23/2014,UMUM,R-2694,3,11337,34011,9276
B-04.2014-09-0010,4/23/2014,UMUM,R-4395,1,60500,60500,16500
B-04.2014-09-0011,4/23/2014,UMUM,AI-0722,1,5225,5225,1425
B-04.2014-09-0011,4/23/2014,UMUM,AI-0744,1,6251,6251,1705
B-04.2014-09-0012,4/23/2014,UMUM,R-2001,3,5294,15882,4332
B-04.2014-09-0012,4/23/2014,UMUM,R-4881,3,16547,49641,13539
B-04.2014-09-0013,4/23/2014,UMUM,R-2077,10,330,3300,900
B-04.2014-09-0013,4/23/2014,UMUM,R-1297,6,11495,68970,18810
B-04.2014-09-0013,4/23/2014,UMUM,R-0744,1,19214,19214,5240
B-04.2014-09-0013,4/23/2014,UMUM,R-1091,5,6531,32655,8905
B-04.2014-09-0014,4/23/2014,UMUM,R-2077,10,330,3300,900
B-04.2014-09-0014,4/23/2014,UMUM,R-1963,10,337,3370,920
B-04.2014-09-0014,4/23/2014,UMUM,R-1267,6,3462,20772,5664
B-04.2014-09-0014,4/23/2014,UMUM,R-1091,10,6531,65310,17810
B-04.2014-09-0015,4/23/2014,UMUM,R-0696,2,20350,40700,11100
B-04.2014-09-0015,4/23/2014,UMUM,AI-1295,1,26249,26249,7159
B-04.2014-09-0015,4/23/2014,UMUM,R-1295,1,49638,49638,13538
B-04.2014-09-0015,4/23/2014,UMUM,R-1092,1,65312,65312,17812
B-04.2014-09-0016,4/23/2014,UMUM,R-4626,2,9939,19878,5422
B-04.2014-09-0017,4/23/2014,UMUM,AI-1168,10,169,1690,460
B-04.2014-09-0017,4/23/2014,UMUM,AI-0354,10,169,1690,460
B-04.2014-09-0018,4/23/2014,UMUM,R-0865,10,804,8040,2190
B-04.2014-09-0018,4/23/2014,UMUM,R-0744,1,19214,19214,5240
B-04.2014-09-0018,4/23/2014,UMUM,AI-0255,6,331,1986,540
B-04.2014-09-0018,4/23/2014,UMUM,R-1091,3,6531,19593,5343
B-04.2014-09-0019,4/23/2014,UMUM,AI-0406,7,1125,7875,2149
B-04.2014-09-0019,4/23/2014,UMUM,AI-0565,8,562,4496,1224
B-04.2014-09-0020,4/24/2014,UMUM,R-0910,1,52284,52284,14259
B-04.2014-09-0020,4/24/2014,UMUM,R-2295,1,65312,65312,17812
B-04.2014-09-0020,4/24/2014,UMUM,R-4626,1,9939,9939,2711
B-04.2014-09-0021,4/24/2014,UMUM,AI-0094,30,344,10320,2820
B-04.2014-09-0022,4/23/2014,UMUM,R-1296,1,82294,82294,22444
B-04.2014-09-0022,4/23/2014,UMUM,R-2000,1,29562,29562,8062
B-04.2014-09-0022,4/23/2014,UMUM,R-1537,1,48070,48070,13110
B-04.2014-09-0023,4/24/2014,UMUM,AI-0701,30,114,3420,930
B-04.2014-09-0023,4/24/2014,UMUM,AI-0700,20,69,1380,380
B-04.2014-09-0023,4/24/2014,UMUM,AI-1141,90,256,23040,6300
B-04.2014-09-0023,4/24/2014,UMUM,R-0073,1,3708,3708,1011
B-04.2014-09-0024,4/24/2014,UMUM,AI-0417,10,719,7190,1960
B-04.2014-09-0024,4/24/2014,UMUM,AI-1045,1,2021,2021,551
B-04.2014-09-0025,4/24/2014,UMUM,AI-0147,5,2251,11255,3070
B-04.2014-09-0025,4/24/2014,UMUM,R-1615,5,2454,12270,3345
B-04.2014-09-0025,4/24/2014,UMUM,R-1311,5,14369,71845,19595
B-04.2014-09-0026,4/24/2014,UMUM,R-3212,10,1999,19990,5450
B-04.2014-09-0026,4/24/2014,UMUM,AI-1376,10,50,500,140
B-04.2014-09-0026,4/24/2014,UMUM,R-0528,10,279,2790,760
B-04.2014-09-0026,4/24/2014,UMUM,R-1963,10,337,3370,920
B-04.2014-09-0026,4/24/2014,UMUM,R-0107,1,4812,4812,1312
B-04.2014-09-0027,4/24/2014,UMUM,AI-0722,1,5225,5225,1425
B-04.2014-09-0028,4/24/2014,UMUM,AI-1028,4,700,2800,764
B-04.2014-09-0028,4/24/2014,UMUM,R-1963,4,337,1348,368
B-04.2014-09-0029,4/24/2014,UMUM,AI-0264,10,692,6920,1890
B-04.2014-09-0029,4/24/2014,UMUM,AI-1168,10,169,1690,460
B-04.2014-09-0030,4/24/2014,UMUM,AI-0771,2,688,1376,376
B-04.2014-09-0031,4/24/2014,UMUM,AI-1471,1,10623,10623,2897
B-04.2014-09-0031,4/24/2014,UMUM,AI-0216,3,1125,3375,921
B-04.2014-09-0031,4/24/2014,UMUM,R-1733,5,474,2370,645
B-04.2014-09-0031,4/24/2014,UMUM,R-4492,5,5094,25470,6945
B-04.2014-09-0032,4/24/2014,UMUM,R-0607,10,2230,22300,6080
B-04.2014-09-0033,4/24/2014,UMUM,AI-0722,1,5225,5225,1425
B-04.2014-09-0034,4/24/2014,UMUM,R-0194,1,29562,29562,8062
B-04.2014-09-0035,4/24/2014,UMUM,AI-1381,20,311,6220,1700
B-04.2014-09-0035,4/24/2014,UMUM,R-1439,10,2888,28880,7880
B-04.2014-09-0036,4/24/2014,UMUM,R-2378,10,5486,54860,14960
B-04.2014-09-0036,4/24/2014,UMUM,R-1311,10,14369,143690,39190
B-04.2014-09-0036,4/24/2014,UMUM,R-0254,10,1488,14880,4060
B-04.2014-09-0036,4/24/2014,UMUM,AI-1157,1,875,875,239
B-04.2014-09-0036,4/24/2014,UMUM,R-4496,1,550,550,150
B-04.2014-09-0037,4/24/2014,UMUM,AI-0860,30,248,7440,2040
B-04.2014-09-0037,4/24/2014,UMUM,AI-0806,30,250,7500,2040
B-04.2014-09-0037,4/24/2014,UMUM,R-0763,15,1375,20625,5625
B-04.2014-09-0037,4/24/2014,UMUM,R-0423,15,469,7035,1920
B-04.2014-09-0037,4/24/2014,UMUM,R-4941,1,34694,34694,3154
B-04.2014-09-0037,4/24/2014,UMUM,AI-0068,20,287,5740,1560
B-04.2014-09-0037,4/24/2014,UMUM,AI-0264,1,692,692,189
B-04.2014-09-0038,4/24/2014,UMUM,R-2006,30,1007,30210,8250
B-04.2014-09-0038,4/24/2014,UMUM,AI-0590,30,287,8610,2340
B-04.2014-09-0039,4/24/2014,UMUM,AI-1381,10,311,3110,850
B-04.2014-09-0039,4/24/2014,UMUM,AI-0255,4,331,1324,360
B-04.2014-09-0040,4/24/2014,UMUM,R-4395,1,60500,60500,16500
B-04.2014-09-0040,4/24/2014,UMUM,R-1794,1,3891,3891,1061
B-04.2014-09-0040,4/24/2014,UMUM,R-0194,1,29562,29562,8062
B-04.2014-09-0041,4/24/2014,UMUM,R-2001,3,5294,15882,4332
B-04.2014-09-0042,4/24/2014,UMUM,R-1082,2,6875,13750,3750
B-04.2014-09-0042,4/24/2014,UMUM,AI-1018,2,4437,8874,2420
B-04.2014-09-0043,4/24/2014,UMUM,R-2077,10,330,3300,900
B-04.2014-09-0043,4/24/2014,UMUM,R-0176,10,1489,14890,4060
B-04.2014-09-0043,4/24/2014,UMUM,R-1297,10,11495,114950,31350
B-04.2014-09-0044,4/18/2014,UMUM,AI-1416,5,11000,55000,15000
B-04.2014-09-0045,4/25/2014,UMUM,AI-0264,10,692,6920,1890
B-04.2014-09-0045,4/25/2014,UMUM,R-1658,10,4616,46160,12590
B-04.2014-09-0045,4/25/2014,UMUM,R-0176,10,1489,14890,4060
B-04.2014-09-0046,4/25/2014,UMUM,AI-0279,15,6000,90000,24540
B-04.2014-09-0046,4/25/2014,UMUM,R-1512,20,3135,62700,17100
B-04.2014-09-0047,4/25/2014,UMUM,R-2378,6,5486,32916,8976
B-04.2014-09-0047,4/25/2014,UMUM,AI-1409,10,437,4370,1190
B-04.2014-09-0047,4/25/2014,UMUM,R-1311,5,14369,71845,19595
B-04.2014-09-0047,4/25/2014,UMUM,AI-1017,10,1125,11250,3070
B-04.2014-09-0047,4/25/2014,UMUM,AI-0094,2,344,688,188
B-04.2014-09-0048,4/25/2014,UMUM,R-1442,10,1489,14890,4060
B-04.2014-09-0048,4/25/2014,UMUM,R-1311,10,14369,143690,39190
B-04.2014-09-0048,4/25/2014,UMUM,AI-0943,10,298,2980,810
B-04.2014-09-0049,4/25/2014,UMUM,R-0696,1,20350,20350,5550
B-04.2014-09-0049,4/25/2014,UMUM,R-2180,1,42625,42625,11625
B-04.2014-09-0049,4/25/2014,UMUM,R-2079,1,12958,12958,3534
B-04.2014-09-0050,4/25/2014,UMUM,R-1297,10,11495,114950,31350
B-04.2014-09-0050,4/25/2014,UMUM,AI-0771,5,688,3440,940
B-04.2014-09-0050,4/25/2014,UMUM,R-2362,10,798,7980,2180
B-04.2014-09-0050,4/25/2014,UMUM,R-1628,1,5545,5545,1512
B-04.2014-09-0051,4/25/2014,UMUM,R-1311,10,14369,143690,39190
B-04.2014-09-0051,4/25/2014,UMUM,AI-1157,1,875,875,239
B-04.2014-09-0051,4/25/2014,UMUM,R-2800,1,54929,54929,14981
B-04.2014-09-0052,4/25/2014,UMUM,R-2258,2,237443,474886,129514
B-04.2014-09-0053,4/25/2014,UMUM,R-1869,10,13750,137500,37500
B-04.2014-09-0053,4/25/2014,UMUM,R-0481,3,1122,3366,918
B-04.2014-09-0053,4/25/2014,UMUM,R-0143,2,289,578,158
B-04.2014-09-0054,4/23/2014,UMUM,R-0754,10,4425,44250,12070
B-04.2014-09-0055,4/28/2014,UMUM,AI-1381,6,311,1866,510
B-04.2014-09-0055,4/28/2014,UMUM,R-4027,5,2904,14520,3960
B-04.2014-09-0055,4/28/2014,UMUM,AI-0241,20,238,4760,1300
B-04.2014-09-0056,4/28/2014,UMUM,R-0213,7,1695,11865,3234
B-04.2014-09-0057,4/28/2014,UMUM,R-2826,2,75625,151250,41250
B-04.2014-09-0058,4/28/2014,UMUM,R-3942,1,30566,30566,8336
B-04.2014-09-0059,4/29/2014,UMUM,AI-1199,3,96,288,78
B-04.2014-09-0059,4/29/2014,UMUM,AI-0050,3,138,414,114
B-04.2014-09-0059,4/29/2014,UMUM,R-1230,3,3850,11550,3150
B-04.2014-09-0060,4/29/2014,UMUM,R-2540,3,6188,18564,5064
B-04.2014-09-0061,4/29/2014,UMUM,AI-0722,1,5225,5225,1425
B-04.2014-09-0062,4/29/2014,UMUM,R-0696,1,20350,20350,5550
B-04.2014-09-0062,4/29/2014,UMUM,R-2295,1,65312,65312,17812
B-04.2014-37-0001,4/4/2014,UMUM,AI-0075,10,378,3780,1230
B-04.2014-37-0001,4/4/2014,UMUM,AI-0106,10,146,1460,410
B-04.2014-37-0002,4/9/2014,UMUM,R-4027,10,2904,29040,7920
B-04.2014-37-0003,4/9/2014,UMUM,R-2362,4,798,3192,872
B-04.2014-37-0004,4/11/2014,UMUM,AI-0771,10,600,6000,1010
B-04.2014-37-0004,4/11/2014,UMUM,AI-0241,10,208,2080,350
B-04.2014-37-0005,4/11/2014,UMUM,R-4789,2,6875,13750,3750
B-04.2014-37-0006,4/24/2014,UMUM,R-0213,20,1695,33900,9240
B-05.2014-09-0001,5/2/2014,UMUM,R-1001,2,222062,444124,121124
B-05.2014-09-0002,5/2/2014,UMUM,R-0168,6,15682,94092,25662
B-05.2014-09-0002,5/2/2014,UMUM,R-1442,8,1489,11912,3248
B-05.2014-09-0003,5/2/2014,UMUM,R-1297,6,11495,68970,18810
B-05.2014-09-0003,5/2/2014,UMUM,R-1442,7,1489,10423,2842
B-05.2014-09-0004,5/2/2014,UMUM,R-0695,2,14575,29150,7950
B-05.2014-09-0005,5/2/2014,UMUM,AI-0050,2,138,276,76
B-05.2014-09-0005,5/2/2014,UMUM,AI-1199,2,104,208,56
B-05.2014-09-0005,5/2/2014,UMUM,AI-0242,1,30000,30000,8182
B-05.2014-09-0006,5/2/2014,UMUM,R-3159,3,8382,25146,6858
B-05.2014-09-0006,5/2/2014,UMUM,R-0835,3,1114,3342,912
B-05.2014-09-0007,5/2/2014,UMUM,R-2077,10,314,3140,860
B-05.2014-09-0007,5/2/2014,UMUM,R-1297,6,11495,68970,18810
B-05.2014-09-0007,5/2/2014,UMUM,R-4940,5,13220,66100,6010
B-05.2014-09-0007,5/2/2014,UMUM,R-1442,10,1489,14890,4060
B-05.2014-09-0007,5/2/2014,UMUM,R-1091,3,6531,19593,5343
B-05.2014-09-0008,5/2/2014,UMUM,R-1538,1,61132,61132,16672
B-05.2014-09-0008,5/2/2014,UMUM,R-2077,10,314,3140,860
B-05.2014-09-0008,5/2/2014,UMUM,AI-0214,6,688,4128,1128
B-05.2014-09-0009,5/2/2014,UMUM,AI-1296,1,18125,18125,4943
B-05.2014-09-0010,5/2/2014,UMUM,AI-1338,1,202206,202206,55147
B-05.2014-09-0010,5/2/2014,UMUM,AI-0214,10,688,6880,1880
B-05.2014-09-0010,5/2/2014,UMUM,AI-0106,10,144,1440,390
B-05.2014-09-0010,5/2/2014,UMUM,R-4496,1,550,550,150
B-05.2014-09-0011,5/2/2014,UMUM,R-4625,1,7904,7904,2156
B-05.2014-09-0011,5/2/2014,UMUM,R-1295,1,49638,49638,13538
B-05.2014-09-0011,5/2/2014,UMUM,R-2496,1,31872,31872,8692
B-05.2014-09-0011,5/2/2014,UMUM,R-1999,1,51562,51562,14062
B-05.2014-09-0012,5/2/2014,UMUM,R-1628,2,5545,11090,3024
B-05.2014-09-0013,5/2/2014,UMUM,R-1296,1,82294,82294,22444
B-05.2014-09-0013,5/2/2014,UMUM,R-1538,1,61132,61132,16672
B-05.2014-09-0013,5/2/2014,UMUM,R-2295,1,65312,65312,17812
B-05.2014-09-0013,5/2/2014,UMUM,R-2079,1,12958,12958,3534
B-05.2014-09-0014,5/2/2014,UMUM,AI-0616,20,5000,100000,27280
B-05.2014-09-0015,5/5/2014,UMUM,AI-0068,10,249,2490,680
B-05.2014-09-0015,5/5/2014,UMUM,AI-0703,10,100,1000,270
B-05.2014-09-0015,5/5/2014,UMUM,AI-0771,10,688,6880,1880
B-05.2014-09-0015,5/5/2014,UMUM,AI-0353,1,6875,6875,1875
B-05.2014-09-0016,5/6/2014,UMUM,R-4395,1,60500,60500,16500
B-05.2014-09-0016,5/6/2014,UMUM,R-1794,1,3891,3891,1061
B-05.2014-09-0017,5/16/2014,UMUM,R-4395,1,60500,60500,16500
B-05.2014-09-0017,5/16/2014,UMUM,R-4342,1,5780,5780,1576
B-05.2014-09-0017,5/16/2014,UMUM,R-3154,1,13750,13750,3750
B-06.2014-09-0001,6/2/2014,UMUM,AI-0127,1,154172,154172,42047
B-06.2014-09-0001,6/2/2014,UMUM,R-2760,1,712,712,194
KC-04.2014-04-0001,4/16/2014,K-04.2014-0026,R-1850,10,8026,80260,13930
KC-04.2014-04-0002,4/16/2014,K-04.2014-0027,R-4027,50,2556,127800,22200
KC-04.2014-04-0003,4/29/2014,K-04.2014-0111,AI-1397,30,4398,131940,22890
KC-04.2014-04-0004,4/8/2014,K-04.2014-0131,AI-0448,30,467,14010,2430
KC-04.2014-04-0004,4/8/2014,K-04.2014-0131,AI-0050,8,121,968,168
KC-04.2014-04-0004,4/8/2014,K-04.2014-0131,AI-1199,8,92,736,128
KC-04.2014-04-0004,4/8/2014,K-04.2014-0131,R-0601,8,96,768,136
KC-04.2014-09-0001,4/10/2014,K-04.2014-0002,R-0879,20,759,15180,2640
KC-04.2014-09-0002,4/10/2014,K-04.2014-0003,R-1537,1,42302,42302,7342
KC-04.2014-09-0003,4/10/2014,K-04.2014-0004,AI-0214,10,600,6000,1000
KC-04.2014-09-0003,4/10/2014,K-04.2014-0004,R-1658,10,4062,40620,7050
KC-04.2014-09-0003,4/10/2014,K-04.2014-0004,AI-0106,20,146,2920,820
KC-04.2014-09-0004,4/11/2014,K-04.2014-0009,R-2694,10,9976,99760,17310
KC-04.2014-09-0005,4/11/2014,K-04.2014-0010,AI-0853,40,131,5240,1440
KC-04.2014-09-0006,4/11/2014,K-04.2014-0011,R-0176,10,1275,12750,2210
KC-04.2014-09-0007,4/11/2014,K-04.2014-0012,AI-0255,10,289,2890,480
KC-04.2014-09-0007,4/11/2014,K-04.2014-0012,AI-0106,10,146,1460,410
KC-04.2014-09-0008,4/13/2014,K-04.2014-0014,R-1508,1,11033,11033,1915
KC-04.2014-09-0009,4/14/2014,K-04.2014-0015,R-1913,9,1091,9819,1701
KC-04.2014-09-0010,4/15/2014,K-04.2014-0022,AI-0025,5,350,1750,305
KC-04.2014-09-0010,4/15/2014,K-04.2014-0022,R-2949,5,8168,40840,7090
KC-04.2014-09-0010,4/15/2014,K-04.2014-0022,R-0023,4,3133,12532,2176
KC-04.2014-09-0010,4/15/2014,K-04.2014-0022,AI-0533,2,8250,16500,2864
KC-04.2014-09-0011,4/15/2014,K-04.2014-0023,R-2948,1,70785,70785,12285
KC-04.2014-09-0011,4/15/2014,K-04.2014-0023,R-1092,1,57475,57475,9975
KC-04.2014-09-0012,4/16/2014,K-04.2014-0029,R-0865,8,708,5664,984
KC-04.2014-09-0012,4/16/2014,K-04.2014-0029,R-0835,10,980,9800,1700
KC-04.2014-09-0013,4/20/2014,K-04.2014-0036,AI-0135,3,8250,24750,4296
KC-04.2014-09-0014,4/28/2014,K-04.2014-0037,R-2976,3,1035,3105,540
KC-04.2014-09-0014,4/28/2014,K-04.2014-0037,R-4684,3,920,2760,480
KC-04.2014-09-0014,4/28/2014,K-04.2014-0037,R-1230,3,3388,10164,1764
KC-04.2014-09-0014,4/28/2014,K-04.2014-0037,R-1203,15,74,1110,195
KC-04.2014-09-0015,4/28/2014,K-04.2014-0038,AI-0212,1,7040,7040,1222
KC-04.2014-09-0015,4/28/2014,K-04.2014-0038,AI-0658,1,3740,3740,649
KC-04.2014-09-0015,4/28/2014,K-04.2014-0038,R-2468,1,3630,3630,630
KC-04.2014-09-0016,4/21/2014,K-04.2014-0040,R-4873,1,11001,11001,1000
KC-04.2014-09-0016,4/21/2014,K-04.2014-0040,R-0040,1,30831,30831,5351
KC-04.2014-09-0017,4/11/2014,K-04.2014-0041,AI-0226,2,18975,37950,6586
KC-04.2014-09-0017,4/11/2014,K-04.2014-0041,AI-1372,1,11549,11549,2004
KC-04.2014-09-0018,4/11/2014,K-04.2014-0042,R-1091,1,5748,5748,998
KC-04.2014-09-0019,4/22/2014,K-04.2014-0045,R-1512,20,2759,55180,9580
KC-04.2014-09-0019,4/22/2014,K-04.2014-0045,R-0023,1,3133,3133,544
KC-04.2014-09-0020,4/22/2014,K-04.2014-0046,R-0118,1,27588,27588,4788
KC-04.2014-09-0021,4/22/2014,K-04.2014-0047,AI-0242,1,26400,26400,4582
KC-04.2014-09-0021,4/22/2014,K-04.2014-0047,R-2057,1,1452,1452,252
KC-04.2014-09-0022,4/22/2014,K-04.2014-0048,R-0865,8,708,5664,984
KC-04.2014-09-0022,4/22/2014,K-04.2014-0048,AI-0836,10,374,3740,650
KC-04.2014-09-0023,4/22/2014,K-04.2014-0049,R-0695,2,12826,25652,4452
KC-04.2014-09-0023,4/22/2014,K-04.2014-0049,R-2078,1,15029,15029,2608
KC-04.2014-09-0024,4/23/2014,K-04.2014-0050,AI-0241,10,209,2090,360
KC-04.2014-09-0024,4/23/2014,K-04.2014-0050,R-4881,3,14561,43683,7581
KC-04.2014-09-0024,4/23/2014,K-04.2014-0050,R-2001,3,4658,13974,2424
KC-04.2014-09-0024,4/23/2014,K-04.2014-0050,AI-1409,12,385,4620,804
KC-04.2014-09-0025,4/23/2014,K-04.2014-0051,R-1082,2,6050,12100,2100
KC-04.2014-09-0026,4/23/2014,K-04.2014-0052,AI-0226,1,18975,18975,3293
KC-04.2014-09-0026,4/23/2014,K-04.2014-0052,AI-0837,10,253,2530,440
KC-04.2014-09-0027,4/23/2014,K-04.2014-0053,R-0865,13,708,9204,1599
KC-04.2014-09-0028,4/23/2014,K-04.2014-0054,R-0695,1,12826,12826,2226
KC-04.2014-09-0029,4/23/2014,K-04.2014-0055,R-0307,1,9350,9350,1623
KC-04.2014-09-0030,4/23/2014,K-04.2014-0056,R-2077,12,290,3480,600
KC-04.2014-09-0031,4/23/2014,K-04.2014-0057,R-0615,2,2178,4356,756
KC-04.2014-09-0032,4/23/2014,K-04.2014-0058,AI-0106,20,127,2540,440
KC-04.2014-09-0032,4/23/2014,K-04.2014-0058,R-2511,1,62512,62512,10849
KC-04.2014-09-0032,4/23/2014,K-04.2014-0058,R-4552,1,1331,1331,231
KC-04.2014-09-0033,4/24/2014,K-04.2014-0059,AI-0500,30,935,28050,4860
KC-04.2014-09-0034,4/24/2014,K-04.2014-0060,AI-0106,20,127,2540,440
KC-04.2014-09-0034,4/24/2014,K-04.2014-0060,AI-1090,10,98,980,170
KC-04.2014-09-0035,4/24/2014,K-04.2014-0061,R-2078,1,15029,15029,2608
KC-04.2014-09-0036,4/24/2014,K-04.2014-0062,R-2779,1,48394,48394,8399
KC-04.2014-09-0036,4/24/2014,K-04.2014-0062,R-3582,1,97708,97708,16958
KC-04.2014-09-0037,4/24/2014,K-04.2014-0063,AI-1394,10,3300,33000,5730
KC-04.2014-09-0038,4/24/2014,K-04.2014-0064,R-1781,30,145,4350,750
KC-04.2014-09-0038,4/24/2014,K-04.2014-0064,AI-0279,10,5280,52800,9160
KC-04.2014-09-0039,4/24/2014,K-04.2014-0065,AI-0050,4,121,484,84
KC-04.2014-09-0039,4/24/2014,K-04.2014-0065,AI-1197,4,65,260,44
KC-04.2014-09-0039,4/24/2014,K-04.2014-0065,R-0601,4,96,384,68
KC-04.2014-09-0040,4/24/2014,K-04.2014-0066,R-1508,1,11033,11033,1915
KC-04.2014-09-0041,4/24/2014,K-04.2014-0067,R-1628,1,4880,4880,847
KC-04.2014-09-0042,4/24/2014,K-04.2014-0068,AI-0853,30,115,3450,600
KC-04.2014-09-0042,4/24/2014,K-04.2014-0068,AI-0557,30,62,1860,330
KC-04.2014-09-0042,4/24/2014,K-04.2014-0068,AI-0192,20,92,1840,320
KC-04.2014-09-0042,4/24/2014,K-04.2014-0068,R-0865,10,708,7080,1230
KC-04.2014-09-0043,4/24/2014,K-04.2014-0069,AI-0881,1,3300,3300,573
KC-04.2014-09-0043,4/24/2014,K-04.2014-0069,R-0073,1,3263,3263,566
KC-04.2014-09-0044,4/24/2014,K-04.2014-0070,AI-1059,1,14520,14520,2520
KC-04.2014-09-0045,4/24/2014,K-04.2014-0071,R-2061,1,13995,13995,2429
KC-04.2014-09-0045,4/24/2014,K-04.2014-0071,R-0073,1,3263,3263,566
KC-04.2014-09-0046,4/24/2014,K-04.2014-0072,AI-0241,10,209,2090,360
KC-04.2014-09-0046,4/24/2014,K-04.2014-0072,R-2618,1,3698,3698,642
KC-04.2014-09-0047,4/24/2014,K-04.2014-0073,AI-0791,3,621,1863,324
KC-04.2014-09-0047,4/24/2014,K-04.2014-0073,AI-0771,6,605,3630,630
KC-04.2014-09-0047,4/24/2014,K-04.2014-0073,AI-0903,1,25849,25849,4486
KC-04.2014-09-0047,4/24/2014,K-04.2014-0073,AI-1057,10,99,990,170
KC-04.2014-09-0048,4/24/2014,K-04.2014-0074,AI-1057,3,99,297,51
KC-04.2014-09-0048,4/24/2014,K-04.2014-0074,AI-1157,2,770,1540,268
KC-04.2014-09-0048,4/24/2014,K-04.2014-0074,AI-0943,1,263,263,46
KC-04.2014-09-0049,4/25/2014,K-04.2014-0075,AI-1197,2,65,130,22
KC-04.2014-09-0049,4/25/2014,K-04.2014-0075,AI-0050,2,121,242,42
KC-04.2014-09-0049,4/25/2014,K-04.2014-0075,R-1230,2,3388,6776,1176
KC-04.2014-09-0049,4/25/2014,K-04.2014-0075,R-0755,2,138,276,48
KC-04.2014-09-0049,4/25/2014,K-04.2014-0075,R-3390,1,31944,31944,5544
KC-04.2014-09-0050,4/24/2014,K-04.2014-0076,AI-0951,10,566,5660,980
KC-04.2014-09-0051,4/25/2014,K-04.2014-0081,AI-0212,1,7040,7040,1222
KC-04.2014-09-0052,4/25/2014,K-04.2014-0082,AI-0120,30,5953,178590,30990
KC-04.2014-09-0053,4/25/2014,K-04.2014-0083,AI-0212,1,7040,7040,1222
KC-04.2014-09-0053,4/25/2014,K-04.2014-0083,R-2078,1,15029,15029,2608
KC-04.2014-09-0054,4/25/2014,K-04.2014-0084,R-1490,9,242,2178,378
KC-04.2014-09-0054,4/25/2014,K-04.2014-0084,AI-0085,4,182,728,128
KC-04.2014-09-0054,4/25/2014,K-04.2014-0084,R-1733,6,417,2502,432
KC-04.2014-09-0054,4/25/2014,K-04.2014-0084,R-2531,6,737,4422,768
KC-04.2014-09-0055,4/25/2014,K-04.2014-0085,R-1637,10,532,5320,920
KC-04.2014-09-0055,4/25/2014,K-04.2014-0085,R-1490,10,242,2420,420
KC-04.2014-09-0055,4/25/2014,K-04.2014-0085,AI-0771,5,605,3025,525
KC-04.2014-09-0056,4/25/2014,K-04.2014-0086,AI-0025,50,350,17500,3050
KC-04.2014-09-0056,4/25/2014,K-04.2014-0086,R-0481,10,987,9870,1710
KC-04.2014-09-0057,4/25/2014,K-04.2014-0087,AI-0214,10,605,6050,1050
KC-04.2014-09-0057,4/25/2014,K-04.2014-0087,R-2362,10,702,7020,1220
KC-04.2014-09-0057,4/25/2014,K-04.2014-0087,R-1091,5,5748,28740,4990
KC-04.2014-09-0058,4/28/2014,K-04.2014-0094,AI-1197,100,65,6500,1100
KC-04.2014-09-0059,4/28/2014,K-04.2014-0095,R-1733,10,417,4170,720
KC-04.2014-09-0059,4/28/2014,K-04.2014-0095,R-0529,1,3916,3916,680
KC-04.2014-09-0060,4/28/2014,K-04.2014-0096,R-0601,3,90,270,33
KC-04.2014-09-0060,4/28/2014,K-04.2014-0096,AI-0241,3,196,588,69
KC-04.2014-09-0060,4/28/2014,K-04.2014-0096,R-4759,1,33,33,4
KC-04.2014-09-0061,4/28/2014,K-04.2014-0097,R-2228,1,22660,22660,2660
KC-04.2014-09-0062,4/29/2014,K-04.2014-0100,R-4027,1,2556,2556,444
KC-04.2014-09-0062,4/29/2014,K-04.2014-0100,AI-0943,8,263,2104,368
KC-04.2014-09-0063,4/29/2014,K-04.2014-0101,R-4027,5,2556,12780,2220
KC-04.2014-09-0063,4/29/2014,K-04.2014-0101,R-0307,1,9350,9350,1623
KC-04.2014-09-0064,4/29/2014,K-04.2014-0102,R-0137,10,194,1940,340
KC-04.2014-09-0064,4/29/2014,K-04.2014-0102,R-4518,8,626,5008,872
KC-04.2014-09-0065,4/29/2014,K-04.2014-0103,AI-0025,15,350,5250,915
KC-04.2014-09-0065,4/29/2014,K-04.2014-0103,R-0023,4,3133,12532,2176
KC-04.2014-09-0065,4/29/2014,K-04.2014-0103,AI-0942,7,4840,33880,5880
KC-04.2014-09-0066,4/29/2014,K-04.2014-0104,AI-0860,13,218,2834,494
KC-04.2014-09-0066,4/29/2014,K-04.2014-0104,AI-0068,13,219,2847,494
KC-04.2014-09-0067,4/29/2014,K-04.2014-0105,AI-0050,8,121,968,168
KC-04.2014-09-0067,4/29/2014,K-04.2014-0105,AI-1199,8,85,680,120
KC-04.2014-09-0067,4/29/2014,K-04.2014-0105,AI-0241,8,209,1672,288
KC-04.2014-09-0067,4/29/2014,K-04.2014-0105,AI-0860,5,218,1090,190
KC-04.2014-09-0067,4/29/2014,K-04.2014-0105,AI-0212,1,7040,7040,1222
KC-04.2014-09-0067,4/29/2014,K-04.2014-0105,AI-0214,3,605,1815,315
KC-04.2014-09-0068,4/29/2014,K-04.2014-0106,R-0495,6,1045,6270,1086
KC-04.2014-09-0068,4/29/2014,K-04.2014-0106,AI-0050,12,121,1452,252
KC-04.2014-09-0068,4/29/2014,K-04.2014-0106,R-0607,6,1963,11778,2046
KC-04.2014-09-0068,4/29/2014,K-04.2014-0106,R-2329,6,1018,6108,1062
KC-04.2014-09-0068,4/29/2014,K-04.2014-0106,AI-1199,6,85,510,90
KC-04.2014-09-0068,4/29/2014,K-04.2014-0106,R-2061,1,13995,13995,2429
KC-04.2014-09-0068,4/29/2014,K-04.2014-0106,AI-0996,4,715,2860,496
KC-04.2014-09-0069,4/29/2014,K-04.2014-0107,R-0168,10,13800,138000,23950
KC-04.2014-09-0069,4/29/2014,K-04.2014-0107,R-3315,20,6655,133100,23100
KC-04.2014-09-0069,4/29/2014,K-04.2014-0107,R-0176,10,1310,13100,2270
KC-04.2014-09-0070,4/29/2014,K-04.2014-0108,AI-0094,60,302,18120,3120
KC-04.2014-09-0071,4/29/2014,K-04.2014-0109,AI-0722,1,4598,4598,798
KC-04.2014-09-0071,4/29/2014,K-04.2014-0109,AI-1394,6,3300,19800,3438
KC-04.2014-09-0072,4/29/2014,K-04.2014-0110,R-1537,1,42302,42302,7342
KC-04.2014-09-0072,4/29/2014,K-04.2014-0110,AI-0212,1,7040,7040,1222
KC-04.2014-09-0073,4/12/2014,K-04.2014-0126,R-0607,10,1963,19630,3410
KC-04.2014-09-0074,4/12/2014,K-04.2014-0127,AI-0068,10,219,2190,380
KC-04.2014-09-0075,4/6/2014,K-04.2014-0128,R-1628,3,5000,15000,2604
KC-04.2014-09-0076,4/26/2014,K-04.2014-0129,AI-0050,10,121,1210,210
KC-04.2014-09-0076,4/26/2014,K-04.2014-0129,AI-1056,1,2200,2200,382
KC-04.2014-09-0076,4/26/2014,K-04.2014-0129,AI-0837,10,253,2530,440
KC-04.2014-09-0077,4/26/2014,K-04.2014-0130,R-2001,2,4658,9316,1616
KC-04.2014-37-0001,4/8/2014,K-04.2014-0001,R-4027,21,2556,53676,9324
KC-04.2014-37-0002,4/11/2014,K-04.2014-0005,AI-0097,30,172,5160,870
KC-04.2014-37-0002,4/11/2014,K-04.2014-0005,AI-0449,30,546,16380,2730
KC-04.2014-37-0002,4/11/2014,K-04.2014-0005,AI-0181,30,403,12090,2010
KC-04.2014-37-0003,4/11/2014,K-04.2014-0006,R-2948,1,70785,70785,12285
KC-04.2014-37-0003,4/11/2014,K-04.2014-0006,R-1092,1,57475,57475,9975
KC-04.2014-37-0004,4/11/2014,K-04.2014-0007,AI-0255,10,289,2890,480
KC-04.2014-37-0004,4/11/2014,K-04.2014-0007,AI-0860,10,312,3120,1320
KC-04.2014-37-0005,4/11/2014,K-04.2014-0008,AI-0406,90,989,89010,15390
KC-04.2014-37-0005,4/11/2014,K-04.2014-0008,AI-0590,30,251,7530,1260
KC-04.2014-37-0006,4/12/2014,K-04.2014-0013,R-4027,21,2556,53676,9324
KC-04.2014-37-0007,4/14/2014,K-04.2014-0016,R-0137,10,194,1940,340
KC-04.2014-37-0007,4/14/2014,K-04.2014-0016,AI-0050,10,121,1210,210
KC-04.2014-37-0008,4/14/2014,K-04.2014-0017,R-4673,1,4235,4235,735
KC-04.2014-37-0009,4/14/2014,K-04.2014-0018,AI-0860,4,218,872,152
KC-04.2014-37-0009,4/14/2014,K-04.2014-0018,R-1203,10,74,740,130
KC-04.2014-37-0010,4/14/2014,K-04.2014-0019,AI-0241,60,209,12540,2160
KC-04.2014-37-0010,4/14/2014,K-04.2014-0019,AI-0106,10,127,1270,220
KC-04.2014-37-0011,4/14/2014,K-04.2014-0020,R-1200,1,36300,36300,6300
KC-04.2014-37-0012,4/14/2014,K-04.2014-0021,R-0607,10,1963,19630,3410
KC-04.2014-37-0013,4/15/2014,K-04.2014-0024,AI-0837,10,253,2530,440
KC-04.2014-37-0013,4/15/2014,K-04.2014-0024,AI-0943,10,263,2630,460
KC-04.2014-37-0013,4/15/2014,K-04.2014-0024,AI-0860,10,307,3070,530
KC-04.2014-37-0013,4/15/2014,K-04.2014-0024,R-1628,1,4880,4880,847
KC-04.2014-37-0013,4/15/2014,K-04.2014-0024,AI-1057,10,99,990,170
KC-04.2014-37-0014,4/15/2014,K-04.2014-0025,AI-0068,40,253,10120,1760
KC-04.2014-37-0014,4/15/2014,K-04.2014-0025,AI-0216,10,990,9900,1720
KC-04.2014-37-0014,4/15/2014,K-04.2014-0025,R-1230,10,3388,33880,5880
KC-04.2014-37-0014,4/15/2014,K-04.2014-0025,AI-1402,2,6709,13418,2328
KC-04.2014-37-0015,4/16/2014,K-04.2014-0028,AI-0943,20,263,5260,920
KC-04.2014-37-0015,4/16/2014,K-04.2014-0028,AI-0106,10,127,1270,220
KC-04.2014-37-0015,4/16/2014,K-04.2014-0028,AI-1009,2,318,636,110
KC-04.2014-37-0016,4/17/2014,K-04.2014-0030,AI-0982,1,117806,117806,20446
KC-04.2014-37-0017,4/17/2014,K-04.2014-0031,R-1894,15,3448,51720,8970
KC-04.2014-37-0018,4/17/2014,K-04.2014-0032,R-4858,10,5126,51260,4660
KC-04.2014-37-0019,4/17/2014,K-04.2014-0033,AI-0043,10,110,1100,190
KC-04.2014-37-0019,4/17/2014,K-04.2014-0033,AI-0837,10,253,2530,440
KC-04.2014-37-0019,4/17/2014,K-04.2014-0033,AI-0881,1,3300,3300,573
KC-04.2014-37-0020,4/17/2014,K-04.2014-0034,AI-0255,20,292,5840,1020
KC-04.2014-37-0020,4/17/2014,K-04.2014-0034,R-0835,10,980,9800,1700
KC-04.2014-37-0021,4/17/2014,K-04.2014-0035,R-0176,10,1275,12750,2210
KC-04.2014-37-0021,4/17/2014,K-04.2014-0035,AI-0043,10,110,1100,190
KC-04.2014-37-0022,4/21/2014,K-04.2014-0039,AI-0255,15,292,4380,765
KC-04.2014-37-0022,4/21/2014,K-04.2014-0039,R-1658,10,4062,40620,7050
KC-04.2014-37-0023,4/23/2014,K-04.2014-0043,R-4789,2,6050,12100,2100
KC-04.2014-37-0024,4/23/2014,K-04.2014-0044,R-2077,10,290,2900,500
KC-04.2014-37-0024,4/23/2014,K-04.2014-0044,AI-0106,10,127,1270,220
KC-04.2014-37-0024,4/23/2014,K-04.2014-0044,R-0865,8,708,5664,984
KC-04.2014-37-0024,4/23/2014,K-04.2014-0044,AI-0241,10,209,2090,360
KC-04.2014-37-0024,4/23/2014,K-04.2014-0044,AI-0944,20,825,16500,2860
KC-04.2014-37-0025,4/25/2014,K-04.2014-0077,R-4492,10,4483,44830,7780
KC-04.2014-37-0026,4/25/2014,K-04.2014-0078,AI-0836,10,374,3740,650
KC-04.2014-37-0026,4/25/2014,K-04.2014-0078,AI-0771,10,605,6050,1050
KC-04.2014-37-0026,4/25/2014,K-04.2014-0078,AI-1057,10,99,990,170
KC-04.2014-37-0027,4/25/2014,K-04.2014-0079,AI-0067,11,473,5203,902
KC-04.2014-37-0027,4/25/2014,K-04.2014-0079,R-1091,10,5748,57480,9980
KC-04.2014-37-0028,4/25/2014,K-04.2014-0080,R-4789,1,6050,6050,1050
KC-04.2014-37-0028,4/25/2014,K-04.2014-0080,AI-1475,1,21423,21423,3718
KC-04.2014-37-0029,4/26/2014,K-04.2014-0088,AI-0566,30,737,22110,3840
KC-04.2014-37-0029,4/26/2014,K-04.2014-0088,AI-0853,90,115,10350,1800
KC-04.2014-37-0029,4/26/2014,K-04.2014-0088,AI-0068,20,253,5060,880
KC-04.2014-37-0030,4/26/2014,K-04.2014-0089,R-2856,1,130680,130680,22680
KC-04.2014-37-0030,4/26/2014,K-04.2014-0089,AI-0455,2,3505,7010,1216
KC-04.2014-37-0030,4/26/2014,K-04.2014-0089,AI-1187,2,6006,12012,2084
KC-04.2014-37-0031,4/26/2014,K-04.2014-0090,AI-1525,1,12100,12100,2100
KC-04.2014-37-0032,4/26/2014,K-04.2014-0091,AI-0216,10,990,9900,1720
KC-04.2014-37-0033,4/26/2014,K-04.2014-0092,R-0137,10,194,1940,340
KC-04.2014-37-0033,4/26/2014,K-04.2014-0092,AI-0075,10,309,3090,540
KC-04.2014-37-0034,4/26/2014,K-04.2014-0093,R-2362,10,702,7020,1220
KC-04.2014-37-0034,4/26/2014,K-04.2014-0093,R-1082,5,6050,30250,5250
KC-04.2014-37-0035,4/28/2014,K-04.2014-0098,R-0137,10,181,1810,210
KC-04.2014-37-0035,4/28/2014,K-04.2014-0098,R-4913,1,10753,10753,1262
KC-04.2014-37-0035,4/28/2014,K-04.2014-0098,R-2079,1,10677,10677,1253
KC-04.2014-37-0036,4/28/2014,K-04.2014-0099,R-2229,1,38110,38110,4474
KC-04.2014-37-0037,4/30/2014,K-04.2014-0112,R-1082,5,6050,30250,5250
KC-04.2014-37-0037,4/30/2014,K-04.2014-0112,R-1092,1,57475,57475,9975
KC-04.2014-37-0038,4/30/2014,K-04.2014-0113,AI-0564,20,275,5500,960
KC-04.2014-37-0039,4/30/2014,K-04.2014-0114,AI-0214,10,605,6050,1050
KC-04.2014-37-0039,4/30/2014,K-04.2014-0114,R-0137,10,194,1940,340
KC-04.2014-37-0040,4/30/2014,K-04.2014-0115,R-4370,1,50671,50671,8794
KC-04.2014-37-0040,4/30/2014,K-04.2014-0115,R-2077,4,276,1104,192
KC-04.2014-37-0041,4/30/2014,K-04.2014-0116,R-2270,3,3932,11796,2046
KC-04.2014-37-0042,4/30/2014,K-04.2014-0117,AI-1056,1,2200,2200,382
KC-04.2014-37-0042,4/30/2014,K-04.2014-0117,AI-1416,1,8135,8135,1412
KC-04.2014-37-0043,4/30/2014,K-04.2014-0118,AI-0075,10,309,3090,540
KC-04.2014-37-0044,4/30/2014,K-04.2014-0119,AI-0241,10,209,2090,360
KC-04.2014-37-0045,4/30/2014,K-04.2014-0120,R-0023,2,3133,6266,1088
KC-04.2014-37-0045,4/30/2014,K-04.2014-0120,AI-1315,3,1452,4356,756
KC-04.2014-37-0046,4/30/2014,K-04.2014-0121,AI-0881,2,3300,6600,1146
KC-04.2014-37-0047,4/30/2014,K-04.2014-0122,AI-0043,40,110,4400,760
KC-04.2014-37-0048,4/30/2014,K-04.2014-0123,R-0176,10,1310,13100,2270
KC-04.2014-37-0048,4/30/2014,K-04.2014-0123,R-1442,10,1310,13100,2270
KC-04.2014-37-0049,4/30/2014,K-04.2014-0124,R-4027,5,2556,12780,2220
KC-04.2014-37-0050,4/30/2014,K-04.2014-0125,R-1561,1,12221,12221,2121
KC-05.2014-04-0001,5/6/2014,K-05.2014-0032,R-1752,1,31460,31460,5460
KC-05.2014-04-0002,5/7/2014,K-05.2014-0046,R-4873,1,11000,11000,1000
KC-05.2014-04-0003,5/8/2014,K-05.2014-0056,R-1572,1,31030,31030,5385
KC-05.2014-04-0004,5/8/2014,K-05.2014-0057,AI-1059,1,14520,14520,2520
KC-05.2014-09-0001,5/2/2014,K-05.2014-0001,R-0495,6,1045,6270,1086
KC-05.2014-09-0001,5/2/2014,K-05.2014-0001,R-0743,12,794,9528,1656
KC-05.2014-09-0001,5/2/2014,K-05.2014-0001,R-0607,6,1963,11778,2046
KC-05.2014-09-0001,5/2/2014,K-05.2014-0001,R-2329,6,1018,6108,1062
KC-05.2014-09-0001,5/2/2014,K-05.2014-0001,AI-1199,6,92,552,96
KC-05.2014-09-0001,5/2/2014,K-05.2014-0001,R-2061,1,13995,13995,2429
KC-05.2014-09-0001,5/2/2014,K-05.2014-0001,AI-0996,4,715,2860,496
KC-05.2014-09-0001,5/2/2014,K-05.2014-0001,R-1913,12,1091,13092,2268
KC-05.2014-09-0001,5/2/2014,K-05.2014-0001,R-0176,3,1310,3930,681
KC-05.2014-09-0002,5/2/2014,K-05.2014-0002,AI-0241,7,209,1463,252
KC-05.2014-09-0003,5/2/2014,K-05.2014-0003,R-0835,2,980,1960,340
KC-05.2014-09-0003,5/2/2014,K-05.2014-0003,R-0865,8,708,5664,984
KC-05.2014-09-0004,5/5/2014,K-05.2014-0022,R-4027,50,2556,127800,22200
KC-05.2014-09-0005,5/5/2014,K-05.2014-0023,R-3005,0,22869,0,0
KC-05.2014-09-0005,5/5/2014,K-05.2014-0023,R-0448,0,17301,0,0
KC-05.2014-09-0005,5/5/2014,K-05.2014-0023,R-2458,0,33698,0,0
KC-05.2014-09-0006,5/5/2014,K-05.2014-0024,AI-1265,3,4840,14520,2520
KC-05.2014-09-0007,5/6/2014,K-05.2014-0035,AI-0241,20,209,4180,720
KC-05.2014-09-0008,5/6/2014,K-05.2014-0036,AI-0067,50,473,23650,4100
KC-05.2014-09-0008,5/6/2014,K-05.2014-0036,AI-0095,10,495,4950,860
KC-05.2014-09-0009,5/6/2014,K-05.2014-0037,AI-1266,30,467,14010,2430
KC-05.2014-09-0009,5/6/2014,K-05.2014-0037,AI-0943,10,263,2630,460
KC-05.2014-09-0010,5/6/2014,K-05.2014-0038,AI-0241,20,209,4180,720
KC-05.2014-09-0011,5/6/2014,K-05.2014-0039,R-4930,2,7700,15400,2672
KC-05.2014-09-0011,5/6/2014,K-05.2014-0039,AI-0241,50,209,10450,1800
KC-05.2014-09-0011,5/6/2014,K-05.2014-0039,AI-0881,3,3300,9900,1719
KC-05.2014-09-0011,5/6/2014,K-05.2014-0039,AI-0144,3,2090,6270,1089
KC-05.2014-09-0011,5/6/2014,K-05.2014-0039,AI-0192,50,92,4600,800
KC-05.2014-09-0012,5/6/2014,K-05.2014-0040,AI-0067,30,473,14190,2460
KC-05.2014-09-0012,5/6/2014,K-05.2014-0040,AI-0943,30,263,7890,1380
KC-05.2014-09-0013,5/7/2014,K-05.2014-0048,R-2077,10,276,2760,480
KC-05.2014-09-0013,5/7/2014,K-05.2014-0048,AI-0943,5,263,1315,230
KC-05.2014-09-0013,5/7/2014,K-05.2014-0048,R-0023,1,3133,3133,544
KC-05.2014-09-0013,5/7/2014,K-05.2014-0048,AI-0025,20,350,7000,1220
KC-05.2014-09-0014,5/8/2014,K-05.2014-0059,AI-0050,2,121,242,42
KC-05.2014-09-0014,5/8/2014,K-05.2014-0059,AI-1197,2,79,158,28
KC-05.2014-09-0014,5/8/2014,K-05.2014-0059,R-0601,2,96,192,34
KC-05.2014-09-0014,5/8/2014,K-05.2014-0059,AI-1537,4,1022,4088,708
KC-05.2014-09-0015,5/7/2014,K-05.2014-0060,AI-0050,5,121,605,105
KC-05.2014-09-0015,5/7/2014,K-05.2014-0060,AI-1197,5,79,395,70
KC-05.2014-09-0015,5/7/2014,K-05.2014-0060,AI-0242,1,26400,26400,4582
KC-05.2014-09-0016,5/8/2014,K-05.2014-0061,R-0073,1,3263,3263,566
KC-05.2014-09-0017,5/8/2014,K-05.2014-0062,AI-1359,10,211,2110,370
KC-05.2014-09-0017,5/8/2014,K-05.2014-0062,AI-0860,10,218,2180,380
KC-05.2014-09-0017,5/8/2014,K-05.2014-0062,R-1963,5,296,1480,255
KC-05.2014-09-0017,5/8/2014,K-05.2014-0062,R-2125,6,8809,52854,9174
KC-05.2014-09-0018,5/8/2014,K-05.2014-0063,R-2079,1,11403,11403,1979
KC-05.2014-09-0018,5/8/2014,K-05.2014-0063,AI-0241,10,209,2090,360
KC-05.2014-09-0018,5/8/2014,K-05.2014-0063,AI-0075,10,309,3090,540
KC-05.2014-09-0018,5/8/2014,K-05.2014-0063,R-0137,10,194,1940,340
KC-05.2014-09-0019,5/9/2014,K-05.2014-0068,AI-0533,1,8250,8250,1432
KC-05.2014-09-0020,5/9/2014,K-05.2014-0069,AI-0075,10,309,3090,540
KC-05.2014-09-0021,5/9/2014,K-05.2014-0070,AI-0853,30,115,3450,600
KC-05.2014-09-0022,5/9/2014,K-05.2014-0071,R-0137,10,194,1940,340
KC-05.2014-09-0022,5/9/2014,K-05.2014-0071,R-0073,1,3263,3263,566
KC-05.2014-09-0022,5/9/2014,K-05.2014-0071,AI-0836,10,374,3740,650
KC-05.2014-09-0023,5/12/2014,K-05.2014-0072,AI-0068,20,219,4380,760
KC-05.2014-09-0024,5/13/2014,K-05.2014-0086,AI-0406,90,990,89100,15480
KC-05.2014-09-0024,5/13/2014,K-05.2014-0086,AI-0943,30,263,7890,1380
KC-05.2014-09-0025,5/13/2014,K-05.2014-0087,AI-0943,30,263,7890,1380
KC-05.2014-09-0025,5/13/2014,K-05.2014-0087,AI-0771,30,604,18120,3150
KC-05.2014-09-0026,5/14/2014,K-05.2014-0095,AI-1416,3,8135,24405,4236
KC-05.2014-09-0026,5/14/2014,K-05.2014-0095,AI-0703,10,88,880,150
KC-05.2014-09-0026,5/14/2014,K-05.2014-0095,AI-1157,2,1539,3078,534
KC-05.2014-09-0027,5/14/2014,K-05.2014-0096,R-2667,1,3796,3796,659
KC-05.2014-09-0027,5/14/2014,K-05.2014-0096,AI-1009,30,318,9540,1650
KC-05.2014-09-0028,5/14/2014,K-05.2014-0097,AI-0263,30,407,12210,2130
KC-05.2014-09-0028,5/14/2014,K-05.2014-0097,AI-0837,30,253,7590,1320
KC-05.2014-09-0029,5/14/2014,K-05.2014-0098,R-1629,10,1081,10810,1880
KC-05.2014-09-0030,5/14/2014,K-05.2014-0099,R-0802,12,9075,108900,18900
KC-05.2014-09-0030,5/14/2014,K-05.2014-0099,R-0692,20,908,18160,3160
KC-05.2014-09-0030,5/14/2014,K-05.2014-0099,R-2760,5,627,3135,545
KC-05.2014-09-0031,5/14/2014,K-05.2014-0100,R-1913,10,1091,10910,1890
KC-05.2014-09-0031,5/14/2014,K-05.2014-0100,AI-0996,4,715,2860,496
KC-05.2014-09-0031,5/14/2014,K-05.2014-0100,R-0495,6,1045,6270,1086
KC-05.2014-09-0031,5/14/2014,K-05.2014-0100,R-0743,12,794,9528,1656
KC-05.2014-09-0031,5/14/2014,K-05.2014-0100,R-0607,6,1963,11778,2046
KC-05.2014-09-0031,5/14/2014,K-05.2014-0100,AI-1199,6,92,552,96
KC-05.2014-09-0031,5/14/2014,K-05.2014-0100,R-2061,1,13995,13995,2429
KC-05.2014-09-0031,5/14/2014,K-05.2014-0100,AI-0806,7,220,1540,266
KC-05.2014-09-0032,5/14/2014,K-05.2014-0101,R-0865,8,708,5664,984
KC-05.2014-09-0033,5/14/2014,K-05.2014-0102,AI-0500,10,935,9350,1620
KC-05.2014-09-0033,5/14/2014,K-05.2014-0102,AI-0836,10,374,3740,650
KC-05.2014-09-0033,5/14/2014,K-05.2014-0102,R-0534,1,70180,70180,12180
KC-05.2014-09-0034,5/14/2014,K-05.2014-0103,AI-0242,1,26400,26400,4582
KC-05.2014-09-0035,5/14/2014,K-05.2014-0104,R-0695,1,12826,12826,2226
KC-05.2014-09-0035,5/14/2014,K-05.2014-0104,R-1985,1,15730,15730,2730
KC-05.2014-09-0035,5/14/2014,K-05.2014-0104,AI-0660,1,4730,4730,821
KC-05.2014-09-0036,5/14/2014,K-05.2014-0105,AI-0242,1,26400,26400,4582
KC-05.2014-09-0036,5/14/2014,K-05.2014-0105,AI-1537,3,1022,3066,531
KC-05.2014-09-0036,5/14/2014,K-05.2014-0105,R-4873,1,11000,11000,1000
KC-05.2014-09-0036,5/14/2014,K-05.2014-0105,R-2077,16,276,4416,768
KC-05.2014-09-0037,5/16/2014,K-05.2014-0116,AI-0120,10,3960,39600,6870
KC-05.2014-09-0037,5/16/2014,K-05.2014-0116,AI-0661,10,198,1980,340
KC-05.2014-09-0038,5/16/2014,K-05.2014-0117,R-0073,1,3263,3263,566
KC-05.2014-09-0039,5/17/2014,K-05.2014-0125,R-2362,12,719,8628,1500
KC-05.2014-09-0040,5/18/2014,K-05.2014-0126,R-2467,5,71,355,60
KC-05.2014-09-0040,5/18/2014,K-05.2014-0126,AI-0719,10,875,8750,1520
KC-05.2014-09-0041,5/19/2014,K-05.2014-0136,R-2373,18,7791,140238,24336
KC-05.2014-09-0041,5/19/2014,K-05.2014-0136,AI-0066,6,123,738,126
KC-05.2014-09-0041,5/19/2014,K-05.2014-0136,AI-0860,30,218,6540,1140
KC-05.2014-09-0041,5/19/2014,K-05.2014-0136,AI-0430,30,1089,32670,5670
KC-05.2014-09-0042,5/19/2014,K-05.2014-0137,AI-1019,10,1650,16500,2860
KC-05.2014-09-0042,5/19/2014,K-05.2014-0137,R-2077,10,276,2760,480
KC-05.2014-09-0042,5/19/2014,K-05.2014-0137,AI-0255,10,286,2860,500
KC-05.2014-09-0042,5/19/2014,K-05.2014-0137,AI-0947,5,385,1925,335
KC-05.2014-09-0042,5/19/2014,K-05.2014-0137,R-1733,5,417,2085,360
KC-05.2014-09-0043,5/19/2014,K-05.2014-0138,R-2077,10,276,2760,480
KC-05.2014-09-0043,5/19/2014,K-05.2014-0138,AI-0255,10,286,2860,500
KC-05.2014-09-0043,5/19/2014,K-05.2014-0138,AI-0947,5,385,1925,335
KC-05.2014-09-0043,5/19/2014,K-05.2014-0138,R-1733,5,417,2085,360
KC-05.2014-09-0043,5/19/2014,K-05.2014-0138,AI-1019,10,1650,16500,2860
KC-05.2014-09-0044,5/19/2014,K-05.2014-0139,AI-1475,1,21423,21423,3718
KC-05.2014-09-0045,5/19/2014,K-05.2014-0140,R-4626,10,8746,87460,15180
KC-05.2014-09-0045,5/19/2014,K-05.2014-0140,R-0344,1,78166,78166,13566
KC-05.2014-09-0046,5/20/2014,K-05.2014-0145,AI-0068,20,219,4380,760
KC-05.2014-09-0047,5/16/2014,K-05.2014-0146,R-1508,2,11033,22066,3830
KC-05.2014-09-0048,5/20/2014,K-05.2014-0147,R-0744,1,16909,16909,2935
KC-05.2014-09-0048,5/20/2014,K-05.2014-0147,R-2329,10,1018,10180,1770
KC-05.2014-09-0048,5/20/2014,K-05.2014-0147,R-0835,10,980,9800,1700
KC-05.2014-09-0049,5/20/2014,K-05.2014-0148,AI-0212,1,7040,7040,1222
KC-05.2014-09-0049,5/20/2014,K-05.2014-0148,R-0950,1,2035,2035,353
KC-05.2014-09-0050,5/20/2014,K-05.2014-0149,AI-0771,30,604,18120,3150
KC-05.2014-09-0050,5/20/2014,K-05.2014-0149,AI-0216,20,990,19800,3440
KC-05.2014-09-0050,5/20/2014,K-05.2014-0149,R-2754,30,4289,128670,22320
KC-05.2014-09-0050,5/20/2014,K-05.2014-0149,AI-1409,30,385,11550,2010
KC-05.2014-09-0051,5/21/2014,K-05.2014-0151,AI-0406,50,990,49500,8600
KC-05.2014-09-0051,5/21/2014,K-05.2014-0151,R-0137,10,194,1940,340
KC-05.2014-09-0051,5/21/2014,K-05.2014-0151,AI-0075,10,309,3090,540
KC-05.2014-09-0051,5/21/2014,K-05.2014-0151,R-0073,1,3354,3354,582
KC-05.2014-09-0052,5/21/2014,K-05.2014-0152,R-2373,6,7791,46746,8112
KC-05.2014-09-0052,5/21/2014,K-05.2014-0152,R-1531,3,17182,51546,8946
KC-05.2014-09-0053,5/21/2014,K-05.2014-0153,AI-0860,30,218,6540,1140
KC-05.2014-09-0053,5/21/2014,K-05.2014-0153,AI-0806,10,220,2200,380
KC-05.2014-09-0053,5/21/2014,K-05.2014-0153,AI-1537,15,968,14520,2520
KC-05.2014-09-0053,5/21/2014,K-05.2014-0153,AI-0241,15,209,3135,540
KC-05.2014-09-0054,5/21/2014,K-05.2014-0154,R-1224,1,6601,6601,1146
KC-05.2014-09-0055,5/21/2014,K-05.2014-0155,R-4889,1,2200,2200,200
KC-05.2014-09-0056,5/21/2014,K-05.2014-0156,R-4889,1,2200,2200,200
KC-05.2014-09-0057,5/21/2014,K-05.2014-0157,AI-0050,2,121,242,42
KC-05.2014-09-0057,5/21/2014,K-05.2014-0157,AI-1199,2,92,184,32
KC-05.2014-09-0057,5/21/2014,K-05.2014-0157,AI-0212,1,7040,7040,1222
KC-05.2014-09-0058,5/21/2014,K-05.2014-0158,AI-1296,1,15950,15950,2768
KC-05.2014-09-0059,5/21/2014,K-05.2014-0159,AI-0951,10,566,5660,980
KC-05.2014-09-0060,5/21/2014,K-05.2014-0160,R-1091,3,5748,17244,2994
KC-05.2014-09-0060,5/21/2014,K-05.2014-0160,AI-0255,10,292,2920,510
KC-05.2014-09-0060,5/21/2014,K-05.2014-0160,AI-1057,10,99,990,170
KC-05.2014-09-0061,5/21/2014,K-05.2014-0161,AI-0717,10,666,6660,1160
KC-05.2014-09-0062,5/22/2014,K-05.2014-0168,AI-1178,5,1381,6905,1200
KC-05.2014-09-0062,5/22/2014,K-05.2014-0168,R-1082,2,6050,12100,2100
KC-05.2014-09-0063,5/22/2014,K-05.2014-0169,R-2001,3,4658,13974,2424
KC-05.2014-09-0063,5/22/2014,K-05.2014-0169,R-0137,20,194,3880,680
KC-05.2014-09-0063,5/22/2014,K-05.2014-0169,R-0177,3,1747,5241,909
KC-05.2014-09-0063,5/22/2014,K-05.2014-0169,R-1431,4,678,2712,472
KC-05.2014-09-0063,5/22/2014,K-05.2014-0169,R-2077,15,276,4140,720
KC-05.2014-09-0064,5/22/2014,K-05.2014-0170,AI-0241,25,209,5225,900
KC-05.2014-09-0064,5/22/2014,K-05.2014-0170,R-4496,1,484,484,84
KC-05.2014-09-0064,5/22/2014,K-05.2014-0170,R-0601,10,96,960,170
KC-05.2014-09-0065,5/22/2014,K-05.2014-0171,AI-0075,10,309,3090,540
KC-05.2014-09-0065,5/22/2014,K-05.2014-0171,R-0137,10,194,1940,340
KC-05.2014-09-0066,5/22/2014,K-05.2014-0172,AI-0075,5,309,1545,270
KC-05.2014-09-0066,5/22/2014,K-05.2014-0172,AI-0860,10,218,2180,380
KC-05.2014-09-0066,5/22/2014,K-05.2014-0172,AI-1057,10,98,980,170
KC-05.2014-09-0067,5/22/2014,K-05.2014-0173,AI-0903,2,25849,51698,8972
KC-05.2014-09-0068,5/22/2014,K-05.2014-0174,AI-0241,20,209,4180,720
KC-05.2014-09-0068,5/22/2014,K-05.2014-0174,R-0137,10,194,1940,340
KC-05.2014-09-0069,5/22/2014,K-05.2014-0175,R-2580,22,275,6050,1056
KC-05.2014-09-0069,5/22/2014,K-05.2014-0175,R-1706,30,1275,38250,6630
KC-05.2014-09-0069,5/22/2014,K-05.2014-0175,AI-1401,2,281,562,98
KC-05.2014-09-0070,5/22/2014,K-05.2014-0176,R-2362,8,719,5752,1000
KC-05.2014-09-0070,5/22/2014,K-05.2014-0176,R-1913,10,1091,10910,1890
KC-05.2014-09-0071,5/22/2014,K-05.2014-0177,AI-1265,2,4840,9680,1680
KC-05.2014-09-0072,5/23/2014,K-05.2014-0181,R-0950,2,2018,4036,700
KC-05.2014-09-0073,5/23/2014,K-05.2014-0182,R-2362,4,719,2876,500
KC-05.2014-09-0073,5/23/2014,K-05.2014-0182,AI-0075,10,309,3090,540
KC-05.2014-09-0074,5/23/2014,K-05.2014-0183,R-2340,3,211750,635250,110250
KC-05.2014-09-0074,5/23/2014,K-05.2014-0183,R-0851,2,24621,49242,8546
KC-05.2014-09-0074,5/23/2014,K-05.2014-0183,R-1390,20,5203,104060,18060
KC-05.2014-09-0074,5/23/2014,K-05.2014-0183,R-1512,20,2759,55180,9580
KC-05.2014-09-0074,5/23/2014,K-05.2014-0183,R-2694,10,9976,99760,17310
KC-05.2014-09-0074,5/23/2014,K-05.2014-0183,R-1600,1,14162,14162,2458
KC-05.2014-09-0075,5/23/2014,K-05.2014-0184,R-2373,12,7791,93492,16224
KC-05.2014-09-0076,5/23/2014,K-05.2014-0185,R-0863,1,29778,29778,5168
KC-05.2014-09-0076,5/23/2014,K-05.2014-0185,R-0388,1,25047,25047,4347
KC-05.2014-09-0077,5/23/2014,K-05.2014-0186,R-1375,1,9350,9350,1623
KC-05.2014-09-0078,5/23/2014,K-05.2014-0187,R-2079,1,11403,11403,1979
KC-05.2014-09-0078,5/23/2014,K-05.2014-0187,R-0865,4,708,2832,492
KC-05.2014-09-0079,5/26/2014,K-05.2014-0190,R-0802,2,9075,18150,3150
KC-05.2014-09-0079,5/26/2014,K-05.2014-0190,R-2694,3,9976,29928,5193
KC-05.2014-09-0080,5/26/2014,K-05.2014-0191,AI-0050,4,121,484,84
KC-05.2014-09-0080,5/26/2014,K-05.2014-0191,AI-1197,4,65,260,44
KC-05.2014-09-0081,5/26/2014,K-05.2014-0192,R-1091,2,5748,11496,1996
KC-05.2014-09-0081,5/26/2014,K-05.2014-0192,AI-1178,3,1381,4143,720
KC-05.2014-09-0082,5/26/2014,K-05.2014-0193,R-1346,725,1620,1174500,203725
KC-05.2014-09-0082,5/26/2014,K-05.2014-0193,AI-0174,1,34973,34973,6070
KC-05.2014-09-0083,5/26/2014,K-05.2014-0194,R-0601,2,96,192,34
KC-05.2014-09-0083,5/26/2014,K-05.2014-0194,R-0967,2,165,330,58
KC-05.2014-09-0083,5/26/2014,K-05.2014-0194,AI-0095,1,495,495,86
KC-05.2014-09-0083,5/26/2014,K-05.2014-0194,R-2077,4,276,1104,192
KC-05.2014-09-0084,5/26/2014,K-05.2014-0195,R-2001,2,4658,9316,1616
KC-05.2014-09-0085,5/28/2014,K-05.2014-0209,AI-1168,12,149,1788,312
KC-05.2014-09-0085,5/28/2014,K-05.2014-0209,AI-0837,18,253,4554,792
KC-05.2014-09-0085,5/28/2014,K-05.2014-0209,AI-0860,18,218,3924,684
KC-05.2014-09-0086,5/27/2014,K-05.2014-0210,R-0692,10,908,9080,1580
KC-05.2014-09-0087,5/27/2014,K-05.2014-0211,R-4881,2,14561,29122,5054
KC-05.2014-09-0088,5/28/2014,K-05.2014-0212,R-1752,1,31460,31460,5460
KC-05.2014-09-0089,5/28/2014,K-05.2014-0213,R-1541,1,32186,32186,5586
KC-05.2014-09-0090,5/30/2014,K-05.2014-0226,AI-1387,1,25850,25850,4486
KC-05.2014-09-0090,5/30/2014,K-05.2014-0226,R-0265,6,2395,14370,2496
KC-05.2014-09-0091,5/30/2014,K-05.2014-0227,AI-1387,1,25850,25850,4486
KC-05.2014-09-0091,5/30/2014,K-05.2014-0227,R-0265,6,2395,14370,2496
KC-05.2014-09-0092,5/29/2014,K-05.2014-0229,AI-0405,20,1650,33000,5720
KC-05.2014-09-0092,5/29/2014,K-05.2014-0229,AI-0565,10,495,4950,860
KC-05.2014-09-0092,5/29/2014,K-05.2014-0229,R-0950,5,2018,10090,1750
KC-05.2014-09-0093,5/31/2014,K-05.2014-0238,AI-0241,20,209,4180,720
KC-05.2014-36-0001,5/8/2014,K-05.2014-0013,R-2279,15,686,10290,1785
KC-05.2014-36-0001,5/8/2014,K-05.2014-0013,R-2885,14,14399,201586,34986
KC-05.2014-37-0001,5/2/2014,K-05.2014-0004,AI-1376,30,44,1320,240
KC-05.2014-37-0001,5/2/2014,K-05.2014-0004,R-3212,30,1759,52770,9150
KC-05.2014-37-0002,5/2/2014,K-05.2014-0005,AI-1537,15,1022,15330,2655
KC-05.2014-37-0002,5/2/2014,K-05.2014-0005,AI-1210,1,12632,12632,2192
KC-05.2014-37-0003,5/2/2014,K-05.2014-0006,AI-0860,20,218,4360,760
KC-05.2014-37-0004,5/2/2014,K-05.2014-0007,R-2826,3,66550,199650,34650
KC-05.2014-37-0005,5/2/2014,K-05.2014-0008,R-4930,1,7700,7700,1336
KC-05.2014-37-0006,5/2/2014,K-05.2014-0009,AI-0943,10,263,2630,460
KC-05.2014-37-0006,5/2/2014,K-05.2014-0009,AI-0106,10,127,1270,220
KC-05.2014-37-0007,5/2/2014,K-05.2014-0010,AI-1168,10,149,1490,260
KC-05.2014-37-0007,5/2/2014,K-05.2014-0010,AI-0043,10,110,1100,190
KC-05.2014-37-0008,5/2/2014,K-05.2014-0011,AI-0717,10,666,6660,1160
KC-05.2014-37-0008,5/2/2014,K-05.2014-0011,R-2077,4,276,1104,192
KC-05.2014-37-0008,5/2/2014,K-05.2014-0011,AI-0106,10,127,1270,220
KC-05.2014-37-0009,5/3/2014,K-05.2014-0012,R-1091,10,5748,57480,9980
KC-05.2014-37-0010,5/5/2014,K-05.2014-0014,R-1538,1,53797,53797,9337
KC-05.2014-37-0011,5/5/2014,K-05.2014-0015,R-1538,1,53797,53797,9337
KC-05.2014-37-0011,5/5/2014,K-05.2014-0015,AI-1197,5,79,395,70
KC-05.2014-37-0011,5/5/2014,K-05.2014-0015,R-0601,5,96,480,85
KC-05.2014-37-0011,5/5/2014,K-05.2014-0015,R-0436,5,54,270,45
KC-05.2014-37-0012,5/5/2014,K-05.2014-0016,R-3051,20,508,10160,1760
KC-05.2014-37-0013,5/5/2014,K-05.2014-0017,R-0023,2,3133,6266,1088
KC-05.2014-37-0014,5/5/2014,K-05.2014-0018,AI-0241,10,209,2090,360
KC-05.2014-37-0015,5/5/2014,K-05.2014-0019,R-0073,1,3263,3263,566
KC-05.2014-37-0016,5/5/2014,K-05.2014-0020,AI-0264,10,609,6090,1060
KC-05.2014-37-0016,5/5/2014,K-05.2014-0020,AI-0106,10,127,1270,220
KC-05.2014-37-0016,5/5/2014,K-05.2014-0020,AI-1059,1,14520,14520,2520
KC-05.2014-37-0017,5/5/2014,K-05.2014-0021,R-2280,1,53089,53089,9214
KC-05.2014-37-0018,5/6/2014,K-05.2014-0025,AI-0860,4,218,872,152
KC-05.2014-37-0018,5/6/2014,K-05.2014-0025,AI-0241,2,209,418,72
KC-05.2014-37-0019,5/6/2014,K-05.2014-0026,AI-0216,6,990,5940,1032
KC-05.2014-37-0019,5/6/2014,K-05.2014-0026,AI-0860,9,218,1962,342
KC-05.2014-37-0020,5/6/2014,K-05.2014-0027,AI-0212,1,7040,7040,1222
KC-05.2014-37-0020,5/6/2014,K-05.2014-0027,AI-1460,1,8800,8800,1527
KC-05.2014-37-0021,5/6/2014,K-05.2014-0028,AI-0068,20,219,4380,760
KC-05.2014-37-0021,5/6/2014,K-05.2014-0028,AI-0106,10,127,1270,220
KC-05.2014-37-0022,5/6/2014,K-05.2014-0029,R-1538,1,53797,53797,9337
KC-05.2014-37-0023,5/6/2014,K-05.2014-0030,R-1999,1,45375,45375,7875
KC-05.2014-37-0024,5/6/2014,K-05.2014-0031,AI-0722,2,4598,9196,1596
KC-05.2014-37-0024,5/6/2014,K-05.2014-0031,R-0696,1,17908,17908,3108
KC-05.2014-37-0024,5/6/2014,K-05.2014-0031,R-0695,1,12826,12826,2226
KC-05.2014-37-0024,5/6/2014,K-05.2014-0031,AI-1296,1,15950,15950,2768
KC-05.2014-37-0025,5/6/2014,K-05.2014-0033,AI-0860,10,218,2180,380
KC-05.2014-37-0026,5/6/2014,K-05.2014-0034,AI-0194,100,271,27100,4700
KC-05.2014-37-0027,5/7/2014,K-05.2014-0041,R-2340,3,211750,635250,110250
KC-05.2014-37-0027,5/7/2014,K-05.2014-0041,R-4593,3,12778,38334,6654
KC-05.2014-37-0027,5/7/2014,K-05.2014-0041,R-1390,10,5203,52030,9030
KC-05.2014-37-0027,5/7/2014,K-05.2014-0041,R-1512,10,2759,27590,4790
KC-05.2014-37-0027,5/7/2014,K-05.2014-0041,R-2694,3,9976,29928,5193
KC-05.2014-37-0028,5/7/2014,K-05.2014-0042,AI-1338,1,177941,177941,30882
KC-05.2014-37-0028,5/7/2014,K-05.2014-0042,R-4496,1,484,484,84
KC-05.2014-37-0028,5/7/2014,K-05.2014-0042,AI-0255,5,292,1460,255
KC-05.2014-37-0028,5/7/2014,K-05.2014-0042,AI-1359,5,211,1055,185
KC-05.2014-37-0028,5/7/2014,K-05.2014-0042,AI-0771,5,605,3025,525
KC-05.2014-37-0029,5/7/2014,K-05.2014-0043,R-2340,3,211750,635250,110250
KC-05.2014-37-0029,5/7/2014,K-05.2014-0043,R-4593,3,12778,38334,6654
KC-05.2014-37-0029,5/7/2014,K-05.2014-0043,R-1390,10,5203,52030,9030
KC-05.2014-37-0029,5/7/2014,K-05.2014-0043,R-1512,10,2759,27590,4790
KC-05.2014-37-0029,5/7/2014,K-05.2014-0043,R-2694,3,9976,29928,5193
KC-05.2014-37-0030,5/7/2014,K-05.2014-0044,R-2415,1,41140,41140,7140
KC-05.2014-37-0030,5/7/2014,K-05.2014-0044,R-4027,10,2556,25560,4440
KC-05.2014-37-0031,5/7/2014,K-05.2014-0045,AI-1379,10,2200,22000,3820
KC-05.2014-37-0032,5/7/2014,K-05.2014-0047,AI-0455,2,3505,7010,1216
KC-05.2014-37-0033,5/8/2014,K-05.2014-0049,R-0481,10,987,9870,1710
KC-05.2014-37-0033,5/8/2014,K-05.2014-0049,AI-1379,10,2200,22000,3820
KC-05.2014-37-0034,5/8/2014,K-05.2014-0050,R-1561,1,12221,12221,2121
KC-05.2014-37-0035,5/8/2014,K-05.2014-0051,AI-0075,2,309,618,108
KC-05.2014-37-0035,5/8/2014,K-05.2014-0051,AI-0050,1,121,121,21
KC-05.2014-37-0035,5/8/2014,K-05.2014-0051,R-1202,15,85,1275,225
KC-05.2014-37-0036,5/8/2014,K-05.2014-0052,R-0377,1,25186,25186,4371
KC-05.2014-37-0037,5/8/2014,K-05.2014-0053,AI-0463,2,7975,15950,2768
KC-05.2014-37-0037,5/8/2014,K-05.2014-0053,AI-1137,2,11549,23098,4008
KC-05.2014-37-0037,5/8/2014,K-05.2014-0053,AI-0910,2,20902,41804,7256
KC-05.2014-37-0038,5/8/2014,K-05.2014-0054,R-0481,10,987,9870,1710
KC-05.2014-37-0039,5/8/2014,K-05.2014-0055,R-2480,1,50233,50233,8718
KC-05.2014-37-0039,5/8/2014,K-05.2014-0055,R-2077,10,276,2760,480
KC-05.2014-37-0039,5/8/2014,K-05.2014-0055,R-1933,1,3563,3563,618
KC-05.2014-37-0039,5/8/2014,K-05.2014-0055,AI-0106,10,127,1270,220
KC-05.2014-37-0040,5/8/2014,K-05.2014-0058,R-1706,30,1275,38250,6630
KC-05.2014-37-0040,5/8/2014,K-05.2014-0058,R-2580,22,275,6050,1056
KC-05.2014-37-0040,5/8/2014,K-05.2014-0058,R-1700,1,4356,4356,756
KC-05.2014-37-0041,5/9/2014,K-05.2014-0064,AI-0264,10,609,6090,1060
KC-05.2014-37-0042,5/9/2014,K-05.2014-0065,AI-1178,7,1381,9667,1680
KC-05.2014-37-0043,5/9/2014,K-05.2014-0066,AI-1409,20,385,7700,1340
KC-05.2014-37-0043,5/9/2014,K-05.2014-0066,AI-0106,10,127,1270,220
KC-05.2014-37-0044,5/9/2014,K-05.2014-0067,AI-0106,10,127,1270,220
KC-05.2014-37-0044,5/9/2014,K-05.2014-0067,AI-0083,10,127,1270,220
KC-05.2014-37-0045,5/12/2014,K-05.2014-0073,R-0040,1,30831,30831,5351
KC-05.2014-37-0046,5/12/2014,K-05.2014-0074,R-1429,1,88512,88512,15362
KC-05.2014-37-0046,5/12/2014,K-05.2014-0074,R-0950,1,2035,2035,353
KC-05.2014-37-0047,5/12/2014,K-05.2014-0075,R-2059,1,17059,17059,2961
KC-05.2014-37-0047,5/12/2014,K-05.2014-0075,R-0340,10,10542,105420,18300
KC-05.2014-37-0048,5/12/2014,K-05.2014-0076,AI-0880,1,6709,6709,1164
KC-05.2014-37-0049,5/12/2014,K-05.2014-0077,AI-0068,20,219,4380,760
KC-05.2014-37-0049,5/12/2014,K-05.2014-0077,R-0198,20,385,7700,1340
KC-05.2014-37-0049,5/12/2014,K-05.2014-0077,AI-0943,10,263,2630,460
KC-05.2014-37-0049,5/12/2014,K-05.2014-0077,AI-1243,10,737,7370,1280
KC-05.2014-37-0049,5/12/2014,K-05.2014-0077,AI-0557,20,62,1240,220
KC-05.2014-37-0049,5/12/2014,K-05.2014-0077,AI-1247,20,440,8800,1520
KC-05.2014-37-0050,5/12/2014,K-05.2014-0078,AI-0353,1,6050,6050,1050
KC-05.2014-37-0050,5/12/2014,K-05.2014-0078,R-0137,10,194,1940,340
KC-05.2014-37-0051,5/12/2014,K-05.2014-0079,R-1267,10,3047,30470,5290
KC-05.2014-37-0051,5/12/2014,K-05.2014-0079,AI-0661,10,198,1980,340
KC-05.2014-37-0052,5/12/2014,K-05.2014-0080,R-0129,20,7623,152460,26460
KC-05.2014-37-0052,5/12/2014,K-05.2014-0080,R-2373,20,7791,155820,27040
KC-05.2014-37-0053,5/12/2014,K-05.2014-0081,AI-0075,10,309,3090,540
KC-05.2014-37-0054,5/12/2014,K-05.2014-0082,AI-0085,10,182,1820,320
KC-05.2014-37-0054,5/12/2014,K-05.2014-0082,AI-1156,10,154,1540,270
KC-05.2014-37-0054,5/12/2014,K-05.2014-0082,R-1637,12,532,6384,1104
KC-05.2014-37-0054,5/12/2014,K-05.2014-0082,R-0865,8,708,5664,984
KC-05.2014-37-0054,5/12/2014,K-05.2014-0082,AI-0353,1,6050,6050,1050
KC-05.2014-37-0054,5/12/2014,K-05.2014-0082,AI-0760,10,182,1820,320
KC-05.2014-37-0055,5/12/2014,K-05.2014-0083,AI-0264,10,609,6090,1060
KC-05.2014-37-0055,5/12/2014,K-05.2014-0083,R-0137,10,194,1940,340
KC-05.2014-37-0055,5/12/2014,K-05.2014-0083,R-1658,3,4062,12186,2115
KC-05.2014-37-0056,5/12/2014,K-05.2014-0084,R-0198,10,385,3850,670
KC-05.2014-37-0057,5/12/2014,K-05.2014-0085,AI-0860,20,218,4360,760
KC-05.2014-37-0057,5/12/2014,K-05.2014-0085,AI-0837,20,253,5060,880
KC-05.2014-37-0057,5/12/2014,K-05.2014-0085,AI-0943,20,263,5260,920
KC-05.2014-37-0058,5/13/2014,K-05.2014-0088,AI-0853,40,115,4600,800
KC-05.2014-37-0058,5/13/2014,K-05.2014-0088,AI-0192,20,92,1840,320
KC-05.2014-37-0058,5/13/2014,K-05.2014-0088,AI-0557,40,62,2480,440
KC-05.2014-37-0058,5/13/2014,K-05.2014-0088,AI-1156,10,154,1540,270
KC-05.2014-37-0059,5/13/2014,K-05.2014-0089,AI-0740,10,605,6050,1050
KC-05.2014-37-0059,5/13/2014,K-05.2014-0089,AI-0241,10,209,2090,360
KC-05.2014-37-0060,5/13/2014,K-05.2014-0090,AI-0771,10,604,6040,1050
KC-05.2014-37-0060,5/13/2014,K-05.2014-0090,AI-0162,10,726,7260,1260
KC-05.2014-37-0060,5/13/2014,K-05.2014-0090,AI-1387,1,25025,25025,4343
KC-05.2014-37-0061,5/13/2014,K-05.2014-0091,AI-0500,60,935,56100,9720
KC-05.2014-37-0061,5/13/2014,K-05.2014-0091,AI-0947,4,385,1540,268
KC-05.2014-37-0061,5/13/2014,K-05.2014-0091,AI-0777,1,14247,14247,2473
KC-05.2014-37-0061,5/13/2014,K-05.2014-0091,AI-0255,10,286,2860,500
KC-05.2014-37-0062,5/13/2014,K-05.2014-0092,R-0073,2,3263,6526,1132
KC-05.2014-37-0062,5/13/2014,K-05.2014-0092,R-2079,1,11403,11403,1979
KC-05.2014-37-0063,5/13/2014,K-05.2014-0093,R-0835,10,980,9800,1700
KC-05.2014-37-0064,5/13/2014,K-05.2014-0094,R-1629,10,1081,10810,1880
KC-05.2014-37-0064,5/13/2014,K-05.2014-0094,R-1091,10,5748,57480,9980
KC-05.2014-37-0065,5/14/2014,K-05.2014-0106,AI-1028,24,616,14784,2568
KC-05.2014-37-0066,5/14/2014,K-05.2014-0107,R-1933,10,3563,35630,6180
KC-05.2014-37-0066,5/14/2014,K-05.2014-0107,R-0878,10,862,8620,1500
KC-05.2014-37-0066,5/14/2014,K-05.2014-0107,AI-0241,10,209,2090,360
KC-05.2014-37-0066,5/14/2014,K-05.2014-0107,R-0137,10,194,1940,340
KC-05.2014-37-0067,5/14/2014,K-05.2014-0108,R-2079,1,11403,11403,1979
KC-05.2014-37-0068,5/14/2014,K-05.2014-0109,R-2362,6,719,4314,750
KC-05.2014-37-0069,5/14/2014,K-05.2014-0110,R-2694,3,9976,29928,5193
KC-05.2014-37-0069,5/14/2014,K-05.2014-0110,R-4342,1,5087,5087,883
KC-05.2014-37-0069,5/14/2014,K-05.2014-0110,R-2760,1,627,627,109
KC-05.2014-37-0070,5/14/2014,K-05.2014-0111,AI-1416,4,8135,32540,5648
KC-05.2014-37-0070,5/14/2014,K-05.2014-0111,R-0137,10,194,1940,340
KC-05.2014-37-0070,5/14/2014,K-05.2014-0111,AI-0214,10,605,6050,1050
KC-05.2014-37-0071,5/14/2014,K-05.2014-0112,R-1082,10,6050,60500,10500
KC-05.2014-37-0072,5/14/2014,K-05.2014-0113,R-2001,3,4658,13974,2424
KC-05.2014-37-0072,5/14/2014,K-05.2014-0113,R-0073,1,3263,3263,566
KC-05.2014-37-0073,5/15/2014,K-05.2014-0114,AI-0241,10,209,2090,360
KC-05.2014-37-0074,5/15/2014,K-05.2014-0115,AI-0216,3,991,2973,516
KC-05.2014-37-0074,5/15/2014,K-05.2014-0115,R-1203,10,91,910,160
KC-05.2014-37-0074,5/15/2014,K-05.2014-0115,R-4625,2,6955,13910,2414
KC-05.2014-37-0074,5/15/2014,K-05.2014-0115,AI-1296,1,15950,15950,2768
KC-05.2014-37-0075,5/16/2014,K-05.2014-0118,AI-0067,10,473,4730,820
KC-05.2014-37-0075,5/16/2014,K-05.2014-0118,AI-0068,10,219,2190,380
KC-05.2014-37-0076,5/16/2014,K-05.2014-0119,AI-1539,30,1264,37920,6570
KC-05.2014-37-0077,5/16/2014,K-05.2014-0120,R-2362,8,719,5752,1000
KC-05.2014-37-0077,5/16/2014,K-05.2014-0120,AI-0255,10,286,2860,500
KC-05.2014-37-0077,5/16/2014,K-05.2014-0120,AI-0944,5,825,4125,715
KC-05.2014-37-0078,5/16/2014,K-05.2014-0121,R-1537,1,42302,42302,7342
KC-05.2014-37-0079,5/16/2014,K-05.2014-0122,AI-0050,3,121,363,63
KC-05.2014-37-0079,5/16/2014,K-05.2014-0122,AI-1197,3,65,195,33
KC-05.2014-37-0079,5/16/2014,K-05.2014-0122,R-1203,15,91,1365,240
KC-05.2014-37-0079,5/16/2014,K-05.2014-0122,R-4913,1,11484,11484,1993
KC-05.2014-37-0079,5/16/2014,K-05.2014-0122,AI-0212,1,7040,7040,1222
KC-05.2014-37-0079,5/16/2014,K-05.2014-0122,R-1091,2,5748,11496,1996
KC-05.2014-37-0080,5/16/2014,K-05.2014-0123,AI-0771,5,604,3020,525
KC-05.2014-37-0081,5/16/2014,K-05.2014-0124,AI-1525,1,12100,12100,2100
KC-05.2014-37-0082,5/19/2014,K-05.2014-0127,R-4371,1,67096,67096,11645
KC-05.2014-37-0083,5/19/2014,K-05.2014-0128,R-1637,8,532,4256,736
KC-05.2014-37-0083,5/19/2014,K-05.2014-0128,AI-1306,20,220,4400,760
KC-05.2014-37-0084,5/19/2014,K-05.2014-0129,AI-0043,10,110,1100,190
KC-05.2014-37-0084,5/19/2014,K-05.2014-0129,AI-0860,10,218,2180,380
KC-05.2014-37-0084,5/19/2014,K-05.2014-0129,AI-0771,10,604,6040,1050
KC-05.2014-37-0085,5/19/2014,K-05.2014-0130,R-2467,5,71,355,60
KC-05.2014-37-0085,5/19/2014,K-05.2014-0130,AI-0719,10,875,8750,1520
KC-05.2014-37-0086,5/19/2014,K-05.2014-0131,R-4913,1,11484,11484,1993
KC-05.2014-37-0086,5/19/2014,K-05.2014-0131,AI-0073,1,3300,3300,573
KC-05.2014-37-0087,5/19/2014,K-05.2014-0132,R-2495,5,2287,11435,1985
KC-05.2014-37-0087,5/19/2014,K-05.2014-0132,AI-0947,4,385,1540,268
KC-05.2014-37-0087,5/19/2014,K-05.2014-0132,R-1733,2,417,834,144
KC-05.2014-37-0088,5/19/2014,K-05.2014-0133,R-4789,1,6875,6875,1193
KC-05.2014-37-0088,5/19/2014,K-05.2014-0133,AI-0645,1,2994,2994,520
KC-05.2014-37-0089,5/19/2014,K-05.2014-0134,R-0073,1,3354,3354,582
KC-05.2014-37-0090,5/19/2014,K-05.2014-0135,R-3212,40,1759,70360,12200
KC-05.2014-37-0090,5/19/2014,K-05.2014-0135,AI-1376,40,44,1760,320
KC-05.2014-37-0090,5/19/2014,K-05.2014-0135,AI-1392,10,3163,31630,5490
KC-05.2014-37-0091,5/20/2014,K-05.2014-0141,R-3247,1,12070,12070,2095
KC-05.2014-37-0091,5/20/2014,K-05.2014-0141,R-1700,2,4356,8712,1512
KC-05.2014-37-0091,5/20/2014,K-05.2014-0141,AI-1265,2,4840,9680,1680
KC-05.2014-37-0092,5/20/2014,K-05.2014-0142,R-2079,1,11403,11403,1979
KC-05.2014-37-0092,5/20/2014,K-05.2014-0142,R-0307,1,9350,9350,1623
KC-05.2014-37-0093,5/20/2014,K-05.2014-0143,R-0198,14,385,5390,938
KC-05.2014-37-0093,5/20/2014,K-05.2014-0143,R-4789,1,6875,6875,1193
KC-05.2014-37-0094,5/20/2014,K-05.2014-0144,R-0255,1,16335,16335,2835
KC-05.2014-37-0095,5/21/2014,K-05.2014-0150,AI-0075,20,309,6180,1080
KC-05.2014-37-0096,5/22/2014,K-05.2014-0162,R-4625,1,6955,6955,1207
KC-05.2014-37-0097,5/22/2014,K-05.2014-0163,R-4614,5,7242,36210,6285
KC-05.2014-37-0098,5/22/2014,K-05.2014-0164,AI-0837,10,253,2530,440
KC-05.2014-37-0098,5/22/2014,K-05.2014-0164,AI-1156,10,154,1540,270
KC-05.2014-37-0099,5/22/2014,K-05.2014-0165,R-0696,1,17908,17908,3108
KC-05.2014-37-0099,5/22/2014,K-05.2014-0165,AI-0214,3,605,1815,315
KC-05.2014-37-0099,5/22/2014,K-05.2014-0165,AI-0388,1,9045,9045,1570
KC-05.2014-37-0099,5/22/2014,K-05.2014-0165,AI-0212,1,7040,7040,1222
KC-05.2014-37-0100,5/22/2014,K-05.2014-0166,AI-0024,15,225,3375,585
KC-05.2014-37-0100,5/22/2014,K-05.2014-0166,R-0755,10,227,2270,390
KC-05.2014-37-0100,5/22/2014,K-05.2014-0166,R-1204,10,73,730,130
KC-05.2014-37-0100,5/22/2014,K-05.2014-0166,R-2077,5,276,1380,240
KC-05.2014-37-0100,5/22/2014,K-05.2014-0166,R-0436,6,13,78,12
KC-05.2014-37-0100,5/22/2014,K-05.2014-0166,R-0755,10,227,2270,390
KC-05.2014-37-0100,5/22/2014,K-05.2014-0166,R-1204,10,73,730,130
KC-05.2014-37-0101,5/22/2014,K-05.2014-0167,R-1509,1,17194,17194,2984
KC-05.2014-37-0102,5/23/2014,K-05.2014-0178,R-0219,1,13915,13915,2415
KC-05.2014-37-0102,5/23/2014,K-05.2014-0178,AI-0106,100,127,12700,2200
KC-05.2014-37-0103,5/23/2014,K-05.2014-0179,R-3051,5,508,2540,440
KC-05.2014-37-0103,5/23/2014,K-05.2014-0179,R-0192,10,3066,30660,5320
KC-05.2014-37-0104,5/23/2014,K-05.2014-0180,R-4789,2,6875,13750,2386
KC-05.2014-37-0104,5/23/2014,K-05.2014-0180,R-1700,1,4356,4356,756
KC-05.2014-37-0104,5/23/2014,K-05.2014-0180,AI-0947,2,385,770,134
KC-05.2014-37-0105,5/24/2014,K-05.2014-0188,AI-0094,20,302,6040,1040
KC-05.2014-37-0106,5/24/2014,K-05.2014-0189,AI-1401,10,281,2810,490
KC-05.2014-37-0106,5/24/2014,K-05.2014-0189,AI-0943,10,263,2630,460
KC-05.2014-37-0106,5/24/2014,K-05.2014-0189,AI-0192,10,92,920,160
KC-05.2014-37-0107,5/26/2014,K-05.2014-0196,R-0137,20,194,3880,680
KC-05.2014-37-0107,5/26/2014,K-05.2014-0196,R-2077,18,276,4968,864
KC-05.2014-37-0108,5/26/2014,K-05.2014-0197,R-2329,5,1018,5090,885
KC-05.2014-37-0109,5/26/2014,K-05.2014-0198,R-0264,1,43324,43324,7519
KC-05.2014-37-0110,5/26/2014,K-05.2014-0199,AI-1057,20,98,1960,340
KC-05.2014-37-0110,5/26/2014,K-05.2014-0199,AI-0083,20,127,2540,440
KC-05.2014-37-0110,5/26/2014,K-05.2014-0199,R-0137,20,194,3880,680
KC-05.2014-37-0111,5/26/2014,K-05.2014-0200,AI-0860,10,218,2180,380
KC-05.2014-37-0111,5/26/2014,K-05.2014-0200,AI-0485,10,143,1430,250
KC-05.2014-37-0112,5/26/2014,K-05.2014-0201,AI-1416,2,8135,16270,2824
KC-05.2014-37-0113,5/26/2014,K-05.2014-0202,R-2993,10,6615,66150,11480
KC-05.2014-37-0114,5/26/2014,K-05.2014-0203,R-2948,1,70785,70785,12285
KC-05.2014-37-0114,5/26/2014,K-05.2014-0203,R-1092,1,57475,57475,9975
KC-05.2014-37-0114,5/26/2014,K-05.2014-0203,AI-0050,3,121,363,63
KC-05.2014-37-0114,5/26/2014,K-05.2014-0203,AI-1197,3,65,195,33
KC-05.2014-37-0114,5/26/2014,K-05.2014-0203,R-4913,1,11484,11484,1993
KC-05.2014-37-0115,5/26/2014,K-05.2014-0204,R-0406,1,30335,30335,5265
KC-05.2014-37-0115,5/26/2014,K-05.2014-0204,R-0495,6,1045,6270,1086
KC-05.2014-37-0115,5/26/2014,K-05.2014-0204,R-0743,12,816,9792,1704
KC-05.2014-37-0115,5/26/2014,K-05.2014-0204,R-0607,6,1963,11778,2046
KC-05.2014-37-0115,5/26/2014,K-05.2014-0204,R-2329,6,1018,6108,1062
KC-05.2014-37-0115,5/26/2014,K-05.2014-0204,AI-1197,6,65,390,66
KC-05.2014-37-0115,5/26/2014,K-05.2014-0204,R-2061,1,13995,13995,2429
KC-05.2014-37-0116,5/26/2014,K-05.2014-0205,AI-1157,2,1650,3300,572
KC-05.2014-37-0116,5/26/2014,K-05.2014-0205,AI-1018,2,3905,7810,1356
KC-05.2014-37-0116,5/26/2014,K-05.2014-0205,R-4496,2,484,968,168
KC-05.2014-37-0116,5/26/2014,K-05.2014-0205,R-0168,10,13800,138000,23950
KC-05.2014-37-0116,5/26/2014,K-05.2014-0205,AI-1035,2,6821,13642,2368
KC-05.2014-37-0117,5/26/2014,K-05.2014-0206,AI-0214,3,605,1815,315
KC-05.2014-37-0117,5/26/2014,K-05.2014-0206,R-1230,3,3388,10164,1764
KC-05.2014-37-0117,5/26/2014,K-05.2014-0206,AI-0050,3,121,363,63
KC-05.2014-37-0117,5/26/2014,K-05.2014-0206,AI-1197,3,65,195,33
KC-05.2014-37-0118,5/27/2014,K-05.2014-0207,AI-0399,10,908,9080,1580
KC-05.2014-37-0119,5/27/2014,K-05.2014-0208,AI-0212,1,7040,7040,1222
KC-05.2014-37-0119,5/27/2014,K-05.2014-0208,R-4913,1,11484,11484,1993
KC-05.2014-37-0120,5/28/2014,K-05.2014-0214,R-1509,1,17194,17194,2984
KC-05.2014-37-0121,5/28/2014,K-05.2014-0215,R-1715,10,318,3180,550
KC-05.2014-37-0121,5/28/2014,K-05.2014-0215,R-2077,8,276,2208,384
KC-05.2014-37-0121,5/28/2014,K-05.2014-0215,AI-0353,1,6050,6050,1050
KC-05.2014-37-0121,5/28/2014,K-05.2014-0215,R-1082,4,6050,24200,4200
KC-05.2014-37-0122,5/28/2014,K-05.2014-0216,R-0835,10,980,9800,1700
KC-05.2014-37-0122,5/28/2014,K-05.2014-0216,R-1715,10,318,3180,550
KC-05.2014-37-0123,5/28/2014,K-05.2014-0217,R-0242,10,5940,59400,10310
KC-05.2014-37-0123,5/28/2014,K-05.2014-0217,AI-0717,10,666,6660,1160
KC-05.2014-37-0124,5/28/2014,K-05.2014-0218,AI-1028,6,616,3696,642
KC-05.2014-37-0124,5/28/2014,K-05.2014-0218,AI-0951,10,566,5660,980
KC-05.2014-37-0125,5/28/2014,K-05.2014-0219,R-2002,10,5748,57480,9980
KC-05.2014-37-0126,5/28/2014,K-05.2014-0220,AI-0216,10,990,9900,1720
KC-05.2014-37-0126,5/28/2014,K-05.2014-0220,AI-0860,10,218,2180,380
KC-05.2014-37-0127,5/28/2014,K-05.2014-0221,AI-0090,6,1977,11862,2058
KC-05.2014-37-0127,5/28/2014,K-05.2014-0221,R-0879,10,759,7590,1320
KC-05.2014-37-0128,5/29/2014,K-05.2014-0222,AI-0739,10,329,3290,570
KC-05.2014-37-0129,5/29/2014,K-05.2014-0223,R-1091,2,5748,11496,1996
KC-05.2014-37-0129,5/29/2014,K-05.2014-0223,R-2079,1,11403,11403,1979
KC-05.2014-37-0130,5/29/2014,K-05.2014-0224,R-0742,20,1234,24680,4280
KC-05.2014-37-0130,5/29/2014,K-05.2014-0224,R-0008,15,4845,72675,12615
KC-05.2014-37-0130,5/29/2014,K-05.2014-0224,AI-1381,15,273,4095,705
KC-05.2014-37-0130,5/29/2014,K-05.2014-0224,AI-0860,15,218,3270,570
KC-05.2014-37-0130,5/29/2014,K-05.2014-0224,AI-0066,6,123,738,126
KC-05.2014-37-0130,5/29/2014,K-05.2014-0224,R-1203,15,91,1365,240
KC-05.2014-37-0131,5/29/2014,K-05.2014-0225,AI-0068,20,219,4380,760
KC-05.2014-37-0131,5/29/2014,K-05.2014-0225,AI-1060,20,551,11020,1920
KC-05.2014-37-0132,5/30/2014,K-05.2014-0230,R-0835,10,980,9800,1700
KC-05.2014-37-0133,5/30/2014,K-05.2014-0231,AI-0860,10,309,3090,540
KC-05.2014-37-0133,5/30/2014,K-05.2014-0231,AI-0106,10,127,1270,220
KC-05.2014-37-0134,5/30/2014,K-05.2014-0232,R-2079,1,11403,11403,1979
KC-05.2014-37-0134,5/30/2014,K-05.2014-0232,AI-0242,1,26400,26400,4582
KC-05.2014-37-0135,5/30/2014,K-05.2014-0233,R-4673,2,5082,10164,1764
KC-05.2014-37-0135,5/30/2014,K-05.2014-0233,AI-0323,2,11551,23102,4010
KC-05.2014-37-0136,5/30/2014,K-05.2014-0234,AI-0214,10,605,6050,1050
KC-05.2014-37-0136,5/30/2014,K-05.2014-0234,R-2077,10,276,2760,480
KC-05.2014-37-0136,5/30/2014,K-05.2014-0234,R-1542,1,16495,16495,2863
KC-05.2014-37-0137,5/30/2014,K-05.2014-0235,AI-0114,30,231,6930,1200
KC-05.2014-37-0137,5/30/2014,K-05.2014-0235,AI-0530,50,99,4950,850
KC-05.2014-37-0137,5/30/2014,K-05.2014-0235,AI-0241,50,209,10450,1800
KC-05.2014-37-0138,5/30/2014,K-05.2014-0236,AI-0216,30,990,29700,5160
KC-05.2014-37-0138,5/30/2014,K-05.2014-0236,R-1715,20,318,6360,1100
KC-05.2014-37-0138,5/30/2014,K-05.2014-0236,AI-1409,30,385,11550,2010
KC-05.2014-37-0138,5/30/2014,K-05.2014-0236,AI-0982,1,117806,117806,20446
KC-05.2014-37-0139,5/30/2014,K-05.2014-0237,AI-1265,10,4840,48400,8400
